sample_id,species,region,location,spawn,year,x,y,study,wg.depth,new.id,time,included
201450544,clupea_harengus,NE-ATL,FaroeIslands,autumn,2014,-7.03463,61.88078,Kongsstovu_2022,2.675704,faroe_1,modern,yes
201450545,clupea_harengus,NE-ATL,FaroeIslands,autumn,2014,-7.03463,61.88078,Kongsstovu_2022,1.225597,faroe_2,modern,yes
201550141,clupea_harengus,NE-ATL,FaroeIslands,autumn,2015,-7.03463,61.88078,Kongsstovu_2022,5.347861,faroe_3,modern,yes
201550142,clupea_harengus,NE-ATL,FaroeIslands,autumn,2015,-7.03463,61.88078,Kongsstovu_2022,3.000768,faroe_4,modern,yes
201550143,clupea_harengus,NE-ATL,FaroeIslands,autumn,2015,-7.03463,61.88078,Kongsstovu_2022,2.347772,faroe_5,modern,yes
201550145,clupea_harengus,NE-ATL,FaroeIslands,autumn,2015,-7.03463,61.88078,Kongsstovu_2022,3.386134,faroe_6,modern,yes
201550147,clupea_harengus,NE-ATL,FaroeIslands,autumn,2015,-7.03463,61.88078,Kongsstovu_2022,1.352436,faroe_7,modern,yes
201550149,clupea_harengus,NE-ATL,FaroeIslands,autumn,2015,-7.03463,61.88078,Kongsstovu_2022,3.084411,faroe_8,modern,yes
201550562,clupea_harengus,NE-ATL,NorwegianSea,spring,2015,-1.84517,64.51262,Kongsstovu_2022,2.201382,norwegian_1,modern,yes
201550563,clupea_harengus,NE-ATL,NorwegianSea,spring,2015,-1.84517,64.51262,Kongsstovu_2022,3.026903,norwegian_2,modern,yes
201550564,clupea_harengus,NE-ATL,NorwegianSea,spring,2015,-1.84517,64.51262,Kongsstovu_2022,1.835695,norwegian_3,modern,yes
201550565,clupea_harengus,NE-ATL,NorwegianSea,spring,2015,-1.84517,64.51262,Kongsstovu_2022,2.193944,norwegian_4,modern,yes
201550566,clupea_harengus,NE-ATL,NorwegianSea,spring,2015,-1.84517,64.51262,Kongsstovu_2022,1.642967,norwegian_5,modern,yes
201550567,clupea_harengus,NE-ATL,NorwegianSea,spring,2015,-1.84517,64.51262,Kongsstovu_2022,1.807172,norwegian_6,modern,yes
201550568,clupea_harengus,NE-ATL,NorwegianSea,spring,2015,-1.84517,64.51262,Kongsstovu_2022,1.874624,norwegian_7,modern,yes
201550569,clupea_harengus,NE-ATL,NorwegianSea,spring,2015,-1.84517,64.51262,Kongsstovu_2022,2.060728,norwegian_8,modern,yes
201604591,clupea_harengus,NE-ATL,FaroeIslands,autumn,2016,-7.03463,61.88078,Kongsstovu_2022,3.388008,faroe_9,modern,yes
201650792,clupea_harengus,NE-ATL,NorthSea,autumn,2016,1.64507,59.81814,Kongsstovu_2022,3.500345,northsea_1,modern,yes
201650793,clupea_harengus,NE-ATL,NorthSea,autumn,2016,1.64507,59.81814,Kongsstovu_2022,2.673982,northsea_2,modern,yes
201650794,clupea_harengus,NE-ATL,NorthSea,autumn,2016,1.64507,59.81814,Kongsstovu_2022,4.552802,northsea_3,modern,yes
201650795,clupea_harengus,NE-ATL,NorthSea,autumn,2016,1.64507,59.81814,Kongsstovu_2022,4.347804,northsea_4,modern,yes
201650796,clupea_harengus,NE-ATL,NorthSea,autumn,2016,1.64507,59.81814,Kongsstovu_2022,2.931466,northsea_5,modern,yes
201650797,clupea_harengus,NE-ATL,NorthSea,autumn,2016,1.64507,59.81814,Kongsstovu_2022,3.356827,northsea_6,modern,yes
201650798,clupea_harengus,NE-ATL,NorthSea,autumn,2016,1.64507,59.81814,Kongsstovu_2022,4.306733,northsea_7,modern,yes
201650799,clupea_harengus,NE-ATL,NorthSea,autumn,2016,1.64507,59.81814,Kongsstovu_2022,5.158727,northsea_8,modern,yes
201750143,clupea_harengus,NE-ATL,FaroeIslands,autumn,2017,-7.03463,61.88078,Kongsstovu_2022,2.528463,faroe_10,modern,yes
201750144,clupea_harengus,NE-ATL,FaroeIslands,autumn,2017,-7.03463,61.88078,Kongsstovu_2022,1.818575,faroe_11,modern,yes
201750145,clupea_harengus,NE-ATL,FaroeIslands,autumn,2017,-7.03463,61.88078,Kongsstovu_2022,1.634615,faroe_12,modern,yes
201750146,clupea_harengus,NE-ATL,FaroeIslands,autumn,2017,-7.03463,61.88078,Kongsstovu_2022,3.157729,faroe_13,modern,yes
201750147,clupea_harengus,NE-ATL,FaroeIslands,autumn,2017,-7.03463,61.88078,Kongsstovu_2022,1.565254,faroe_14,modern,yes
201750149,clupea_harengus,NE-ATL,FaroeIslands,autumn,2017,-7.03463,61.88078,Kongsstovu_2022,1.619030,faroe_15,modern,yes
201750153,clupea_harengus,NE-ATL,FaroeIslands,autumn,2017,-7.03463,61.88078,Kongsstovu_2022,2.261519,faroe_16,modern,yes
201750154,clupea_harengus,NE-ATL,FaroeIslands,autumn,2017,-7.03463,61.88078,Kongsstovu_2022,2.083857,faroe_17,modern,yes
201750155,clupea_harengus,NE-ATL,FaroeIslands,autumn,2017,-7.03463,61.88078,Kongsstovu_2022,2.030984,faroe_18,modern,yes
201750157,clupea_harengus,NE-ATL,FaroeIslands,autumn,2017,-7.03463,61.88078,Kongsstovu_2022,2.310244,faroe_19,modern,yes
201750158,clupea_harengus,NE-ATL,FaroeIslands,autumn,2017,-7.03463,61.88078,Kongsstovu_2022,1.893150,faroe_20,modern,yes
201750159,clupea_harengus,NE-ATL,FaroeIslands,autumn,2017,-7.03463,61.88078,Kongsstovu_2022,1.716020,faroe_21,modern,yes
201750201,clupea_harengus,NE-ATL,Iceland,spring,2017,-19.09193,63.06307,Kongsstovu_2022,2.557799,iceland_1,modern,yes
201750202,clupea_harengus,NE-ATL,Iceland,spring,2017,-19.09193,63.06307,Kongsstovu_2022,1.479183,iceland_2,modern,yes
201750203,clupea_harengus,NE-ATL,Iceland,spring,2017,-19.09193,63.06307,Kongsstovu_2022,0.843634,iceland_3,modern,yes
201750204,clupea_harengus,NE-ATL,Iceland,spring,2017,-19.09193,63.06307,Kongsstovu_2022,1.042765,iceland_4,modern,yes
201750205,clupea_harengus,NE-ATL,Iceland,spring,2017,-19.09193,63.06307,Kongsstovu_2022,1.087351,iceland_5,modern,yes
201750206,clupea_harengus,NE-ATL,Iceland,spring,2017,-19.09193,63.06307,Kongsstovu_2022,0.640084,iceland_6,modern,yes
201750207,clupea_harengus,NE-ATL,Iceland,spring,2017,-19.09193,63.06307,Kongsstovu_2022,1.099165,iceland_7,modern,yes
201750212,clupea_harengus,NE-ATL,Iceland,spring,2017,-19.09193,63.06307,Kongsstovu_2022,1.387487,iceland_8,modern,yes
201750214,clupea_harengus,NE-ATL,Iceland,spring,2017,-19.09193,63.06307,Kongsstovu_2022,1.579838,iceland_9,modern,yes
201750215,clupea_harengus,NE-ATL,Iceland,spring,2017,-19.09193,63.06307,Kongsstovu_2022,1.159471,iceland_10,modern,yes
201750216,clupea_harengus,NE-ATL,Iceland,spring,2017,-19.09193,63.06307,Kongsstovu_2022,1.738990,iceland_11,modern,yes
201750217,clupea_harengus,NE-ATL,Iceland,spring,2017,-19.09193,63.06307,Kongsstovu_2022,1.625990,iceland_12,modern,yes
201750218,clupea_harengus,NE-ATL,Iceland,spring,2017,-19.09193,63.06307,Kongsstovu_2022,1.811082,iceland_13,modern,yes
201750219,clupea_harengus,NE-ATL,Iceland,spring,2017,-19.09193,63.06307,Kongsstovu_2022,1.127468,iceland_14,modern,yes
201750221,clupea_harengus,NE-ATL,Iceland,spring,2017,-19.09193,63.06307,Kongsstovu_2022,1.219315,iceland_15,modern,yes
201750222,clupea_harengus,NE-ATL,Iceland,spring,2017,-19.09193,63.06307,Kongsstovu_2022,1.181440,iceland_16,modern,yes
201750223,clupea_harengus,NE-ATL,Iceland,spring,2017,-19.09193,63.06307,Kongsstovu_2022,2.755304,iceland_17,modern,yes
201750224,clupea_harengus,NE-ATL,Iceland,spring,2017,-19.09193,63.06307,Kongsstovu_2022,1.684957,iceland_18,modern,yes
201750225,clupea_harengus,NE-ATL,Iceland,spring,2017,-19.09193,63.06307,Kongsstovu_2022,1.291477,iceland_19,modern,yes
201750226,clupea_harengus,NE-ATL,Iceland,spring,2017,-19.09193,63.06307,Kongsstovu_2022,1.500305,iceland_20,modern,yes
201750227,clupea_harengus,NE-ATL,Iceland,spring,2017,-19.09193,63.06307,Kongsstovu_2022,1.557081,iceland_21,modern,yes
201750228,clupea_harengus,NE-ATL,Iceland,spring,2017,-19.09193,63.06307,Kongsstovu_2022,1.108278,iceland_22,modern,yes
201750231,clupea_harengus,NE-ATL,Iceland,spring,2017,-19.09193,63.06307,Kongsstovu_2022,1.059408,iceland_23,modern,yes
201750232,clupea_harengus,NE-ATL,Iceland,spring,2017,-19.09193,63.06307,Kongsstovu_2022,1.956372,iceland_24,modern,yes
201750233,clupea_harengus,NE-ATL,Iceland,spring,2017,-19.09193,63.06307,Kongsstovu_2022,1.731239,iceland_25,modern,yes
201750234,clupea_harengus,NE-ATL,Iceland,spring,2017,-19.09193,63.06307,Kongsstovu_2022,2.864934,iceland_26,modern,yes
201750235,clupea_harengus,NE-ATL,Iceland,spring,2017,-19.09193,63.06307,Kongsstovu_2022,0.828609,iceland_27,modern,yes
201750236,clupea_harengus,NE-ATL,Iceland,spring,2017,-19.09193,63.06307,Kongsstovu_2022,1.722270,iceland_28,modern,yes
201750237,clupea_harengus,NE-ATL,Iceland,spring,2017,-19.09193,63.06307,Kongsstovu_2022,1.562869,iceland_29,modern,yes
201750238,clupea_harengus,NE-ATL,Iceland,spring,2017,-19.09193,63.06307,Kongsstovu_2022,1.604630,iceland_30,modern,yes
1552004523,clupea_harengus,NE-ATL,NorwegianSea,spring,2015,-1.84517,64.51262,Kongsstovu_2022,2.275458,norwegian_9,modern,yes
1552004524,clupea_harengus,NE-ATL,NorwegianSea,spring,2015,-1.84517,64.51262,Kongsstovu_2022,2.368995,norwegian_10,modern,yes
1552004526,clupea_harengus,NE-ATL,NorwegianSea,spring,2015,-1.84517,64.51262,Kongsstovu_2022,2.552523,norwegian_11,modern,yes
1552004722,clupea_harengus,NE-ATL,NorwegianSea,spring,2015,-1.84517,64.51262,Kongsstovu_2022,2.475247,norwegian_12,modern,yes
1552004723,clupea_harengus,NE-ATL,NorwegianSea,spring,2015,-1.84517,64.51262,Kongsstovu_2022,3.380848,norwegian_13,modern,yes
1552004724,clupea_harengus,NE-ATL,NorwegianSea,spring,2015,-1.84517,64.51262,Kongsstovu_2022,1.953641,norwegian_14,modern,yes
1552005123,clupea_harengus,NE-ATL,NorwegianSea,spring,2015,-1.84517,64.51262,Kongsstovu_2022,2.607269,norwegian_15,modern,yes
1552005124,clupea_harengus,NE-ATL,NorwegianSea,spring,2015,-1.84517,64.51262,Kongsstovu_2022,2.543633,norwegian_16,modern,yes
1552005125,clupea_harengus,NE-ATL,NorwegianSea,spring,2015,-1.84517,64.51262,Kongsstovu_2022,1.827254,norwegian_17,modern,yes
1552005524,clupea_harengus,NE-ATL,NorwegianSea,spring,2015,-1.84517,64.51262,Kongsstovu_2022,2.722821,norwegian_18,modern,yes
1552005525,clupea_harengus,NE-ATL,NorwegianSea,spring,2015,-1.84517,64.51262,Kongsstovu_2022,2.301766,norwegian_19,modern,yes
1552005923,clupea_harengus,NE-ATL,NorwegianSea,spring,2015,-1.84517,64.51262,Kongsstovu_2022,2.003295,norwegian_20,modern,yes
1552005924,clupea_harengus,NE-ATL,NorwegianSea,spring,2015,-1.84517,64.51262,Kongsstovu_2022,2.399880,norwegian_21,modern,yes
1552006326,clupea_harengus,NE-ATL,NorwegianSea,spring,2015,-1.84517,64.51262,Kongsstovu_2022,2.352953,norwegian_22,modern,yes
1552006327,clupea_harengus,NE-ATL,NorwegianSea,spring,2015,-1.84517,64.51262,Kongsstovu_2022,2.405929,norwegian_23,modern,yes
2015501410,clupea_harengus,NE-ATL,FaroeIslands,autumn,2015,-7.03463,61.88078,Kongsstovu_2022,2.489804,faroe_22,modern,yes
2015501411,clupea_harengus,NE-ATL,FaroeIslands,autumn,2015,-7.03463,61.88078,Kongsstovu_2022,2.926434,faroe_23,modern,yes
2015505610,clupea_harengus,NE-ATL,NorwegianSea,spring,2015,-1.84517,64.51262,Kongsstovu_2022,2.661083,norwegian_24,modern,yes
2015505612,clupea_harengus,NE-ATL,NorwegianSea,spring,2015,-1.84517,64.51262,Kongsstovu_2022,2.565773,norwegian_25,modern,yes
2015505613,clupea_harengus,NE-ATL,NorwegianSea,spring,2015,-1.84517,64.51262,Kongsstovu_2022,2.022994,norwegian_26,modern,yes
2015505622,clupea_harengus,NE-ATL,NorwegianSea,spring,2015,-1.84517,64.51262,Kongsstovu_2022,3.033225,norwegian_27,modern,yes
2015505623,clupea_harengus,NE-ATL,NorwegianSea,spring,2015,-1.84517,64.51262,Kongsstovu_2022,2.728977,norwegian_28,modern,yes
2015505624,clupea_harengus,NE-ATL,NorwegianSea,spring,2015,-1.84517,64.51262,Kongsstovu_2022,2.119377,norwegian_29,modern,yes
2016507910,clupea_harengus,NE-ATL,NorthSea,autumn,2016,1.64507,59.81814,Kongsstovu_2022,4.342309,northsea_9,modern,yes
2016507911,clupea_harengus,NE-ATL,NorthSea,autumn,2016,1.64507,59.81814,Kongsstovu_2022,3.738366,northsea_10,modern,yes
2016507912,clupea_harengus,NE-ATL,NorthSea,autumn,2016,1.64507,59.81814,Kongsstovu_2022,4.309219,northsea_11,modern,yes
2016507913,clupea_harengus,NE-ATL,NorthSea,autumn,2016,1.64507,59.81814,Kongsstovu_2022,4.213455,northsea_12,modern,yes
2016507915,clupea_harengus,NE-ATL,NorthSea,autumn,2016,1.64507,59.81814,Kongsstovu_2022,3.790715,northsea_13,modern,yes
2016507916,clupea_harengus,NE-ATL,NorthSea,autumn,2016,1.64507,59.81814,Kongsstovu_2022,3.592780,northsea_14,modern,yes
2016507918,clupea_harengus,NE-ATL,NorthSea,autumn,2016,1.64507,59.81814,Kongsstovu_2022,4.782432,northsea_15,modern,yes
2016507919,clupea_harengus,NE-ATL,NorthSea,autumn,2016,1.64507,59.81814,Kongsstovu_2022,4.684800,northsea_16,modern,yes
2016507920,clupea_harengus,NE-ATL,NorthSea,autumn,2016,1.64507,59.81814,Kongsstovu_2022,3.975175,northsea_17,modern,yes
2017501410,clupea_harengus,NE-ATL,FaroeIslands,autumn,2017,-7.03463,61.88078,Kongsstovu_2022,1.669870,faroe_24,modern,yes
2017501411,clupea_harengus,NE-ATL,FaroeIslands,autumn,2017,-7.03463,61.88078,Kongsstovu_2022,2.352041,faroe_25,modern,yes
2017501414,clupea_harengus,NE-ATL,FaroeIslands,autumn,2017,-7.03463,61.88078,Kongsstovu_2022,3.032084,faroe_26,modern,yes
2017501510,clupea_harengus,NE-ATL,FaroeIslands,autumn,2017,-7.03463,61.88078,Kongsstovu_2022,1.085977,faroe_27,modern,yes
12S4Rsv38,clupea_harengus,NW-ATL,Stephenville,spring,2012,-57.94,49.73,FuentesPardo_2024,34.881272,stephenville_1,modern,no
12S4Rsv41,clupea_harengus,NW-ATL,Stephenville,spring,2012,-57.94,49.73,FuentesPardo_2024,35.730245,stephenville_2,modern,no
12S4S7i22,clupea_harengus,NW-ATL,SevenIslands,summer,2012,-66.33,50.09,FuentesPardo_2024,32.744219,sevenislands_1,modern,no
12S4S7i28,clupea_harengus,NW-ATL,SevenIslands,summer,2012,-66.33,50.09,FuentesPardo_2024,34.624010,sevenislands_2,modern,no
14F4Sbs344,clupea_harengus,NW-ATL,BlancSablon,autumn,2014,-57.31,51.38,FuentesPardo_2024,33.168641,blancsablon_1,modern,no
14F4Sbs349,clupea_harengus,NW-ATL,BlancSablon,autumn,2014,-57.31,51.38,FuentesPardo_2024,31.076110,blancsablon_2,modern,no
14F4TL404,clupea_harengus,NW-ATL,PrinceEdwardIsland,autumn,2014,-63.96,47.04,FuentesPardo_2024,36.076157,princeedward_1,modern,no
14F4TL415,clupea_harengus,NW-ATL,PrinceEdwardIsland,autumn,2014,-63.96,47.04,FuentesPardo_2024,27.492737,princeedward_2,modern,no
14F4WK306,clupea_harengus,NW-ATL,Musquodoboit,autumn,2014,-63.1,44.63,FuentesPardo_2024,30.003548,musquodoboit_1,modern,no
14F4WK316,clupea_harengus,NW-ATL,Musquodoboit,autumn,2014,-63.1,44.63,FuentesPardo_2024,31.262226,musquodoboit_2,modern,no
14S3Ps233,clupea_harengus,NW-ATL,FortuneBay,spring,2014,-55.4,47.52,FuentesPardo_2024,33.990550,fortunebay_1,modern,no
14S3Ps265,clupea_harengus,NW-ATL,FortuneBay,spring,2014,-55.4,47.52,FuentesPardo_2024,32.942332,fortunebay_2,modern,no
15F2J602,clupea_harengus,NW-ATL,Labrador,autumn,2015,-55.5,52.25,FuentesPardo_2024,32.937088,labrador_1,modern,no
15F2J603,clupea_harengus,NW-ATL,Labrador,autumn,2015,-55.5,52.25,FuentesPardo_2024,33.680873,labrador_2,modern,no
15F2J606,clupea_harengus,NW-ATL,Labrador,autumn,2015,-55.5,52.25,FuentesPardo_2024,37.637276,labrador_3,modern,no
15F2J616,clupea_harengus,NW-ATL,Labrador,autumn,2015,-55.5,52.25,FuentesPardo_2024,33.397579,labrador_4,modern,no
15F3K601,clupea_harengus,NW-ATL,NotreDameBay,autumn,2015,-55.47,49.55,FuentesPardo_2024,28.579962,notredamebay_1,modern,no
15F3K602,clupea_harengus,NW-ATL,NotreDameBay,autumn,2015,-55.47,49.55,FuentesPardo_2024,38.359899,notredamebay_2,modern,no
15F3K609,clupea_harengus,NW-ATL,NotreDameBay,autumn,2015,-55.47,49.55,FuentesPardo_2024,38.011634,notredamebay_3,modern,no
15F3K621,clupea_harengus,NW-ATL,NotreDameBay,autumn,2015,-55.47,49.55,FuentesPardo_2024,27.253897,notredamebay_4,modern,no
15F4XRsb625,clupea_harengus,NW-ATL,ScotsBay,autumn,2015,-64.92,45.17,FuentesPardo_2024,32.570429,scotsbay_1,modern,no
15F4XRsb626,clupea_harengus,NW-ATL,ScotsBay,autumn,2015,-64.92,45.17,FuentesPardo_2024,38.682606,scotsbay_2,modern,no
15F5Y514617,clupea_harengus,NW-ATL,GulfofMaine,autumn,2015,-70.41,42.09,FuentesPardo_2024,34.448717,gulfofmaine_1,modern,no
15F5Y514620,clupea_harengus,NW-ATL,GulfofMaine,autumn,2015,-70.41,42.09,FuentesPardo_2024,30.465988,gulfofmaine_2,modern,no
15S3K404,clupea_harengus,NW-ATL,NotreDameBay,spring,2015,-55.44,49.55,FuentesPardo_2024,35.375255,notredamebay_5,modern,no
15S3K410,clupea_harengus,NW-ATL,NotreDameBay,spring,2015,-55.44,49.55,FuentesPardo_2024,33.875719,notredamebay_6,modern,no
15S3K430,clupea_harengus,NW-ATL,NotreDameBay,spring,2015,-55.44,49.55,FuentesPardo_2024,32.657897,notredamebay_7,modern,no
15S3K449,clupea_harengus,NW-ATL,NotreDameBay,spring,2015,-55.44,49.55,FuentesPardo_2024,30.656872,notredamebay_8,modern,no
16S4Pla78,clupea_harengus,NW-ATL,PlacentiaBay,spring,2016,-53.94,47.31,FuentesPardo_2024,34.632520,placentiabay_1,modern,no
16S4Pla79,clupea_harengus,NW-ATL,PlacentiaBay,spring,2016,-53.94,47.31,FuentesPardo_2024,31.078417,placentiabay_2,modern,no
16S6Pla71,clupea_harengus,NW-ATL,PlacentiaBay,spring,2016,-53.94,47.31,FuentesPardo_2024,33.060691,placentiabay_3,modern,no
16S6Pla72,clupea_harengus,NW-ATL,PlacentiaBay,spring,2016,-53.94,47.31,FuentesPardo_2024,34.021669,placentiabay_4,modern,no
16SBDO106,clupea_harengus,NW-ATL,BrasdOrLake,spring,2016,-60.85,45.93,FuentesPardo_2024,41.100627,brasdorlake_1,modern,no
16SBDO107,clupea_harengus,NW-ATL,BrasdOrLake,spring,2016,-60.85,45.93,FuentesPardo_2024,29.090541,brasdorlake_2,modern,no
AAL1,clupea_harengus,NE-ATL,CelticSea,winter,2015,-6.85,51.983333333333300,Han_2020,9.812491,celtic_1,modern,yes
AAL2,clupea_harengus,NE-ATL,CelticSea,winter,2015,-6.85,51.983333333333300,Han_2020,11.603428,celtic_2,modern,yes
AAL3,clupea_harengus,NE-ATL,CelticSea,winter,2015,-6.85,51.983333333333300,Han_2020,11.437067,celtic_3,modern,yes
AF29,clupea_harengus,NE-ATL,NorwegianSea,spring,2013,4.658203,61.185625,Han_2020,13.069981,norwegian_30,modern,yes
AF30,clupea_harengus,NE-ATL,NorwegianSea,spring,2013,4.658203,61.185625,Han_2020,12.018267,norwegian_31,modern,yes
AF31,clupea_harengus,NE-ATL,NorwegianSea,spring,2013,4.658203,61.185625,Han_2020,12.522349,norwegian_32,modern,yes
AF8,clupea_harengus,NE-ATL,NorwegianSea,spring,2013,4.658203,61.185625,Han_2020,10.854360,norwegian_33,modern,yes
AK1,clupea_harengus,NE-ATL,Downs,winter,2016,2.5,51.56666666666670,Han_2020,10.443491,downs_1,modern,yes
AK2,clupea_harengus,NE-ATL,Downs,winter,2016,2.5,51.56666666666670,Han_2020,12.499486,downs_2,modern,yes
AK3,clupea_harengus,NE-ATL,Downs,winter,2016,2.5,51.56666666666670,Han_2020,11.027367,downs_3,modern,yes
AM27,clupea_harengus,NE-ATL,NorwegianSea,spring,1980,10.25,64.866667,Han_2020,13.962859,norwegian_34,modern,yes
AM29,clupea_harengus,NE-ATL,NorwegianSea,spring,1980,10.25,64.866667,Han_2020,11.612317,norwegian_35,modern,yes
AM33,clupea_harengus,NE-ATL,NorwegianSea,spring,1980,10.25,64.866667,Han_2020,11.091704,norwegian_36,modern,yes
AM8,clupea_harengus,NE-ATL,NorwegianSea,spring,1980,10.25,64.866667,Han_2020,11.323575,norwegian_37,modern,yes
BAH1,clupea_harengus,BALTIC,Gävle,autumn,2014,17.5833333333333,60.733333333333300,Lamichhaney_2017,0.136885,gavle_1,modern,no
BAH2,clupea_harengus,BALTIC,Gävle,autumn,2014,17.5833333333333,60.733333333333300,Lamichhaney_2017,0.017200,gavle_2,modern,no
BAH3,clupea_harengus,BALTIC,Gävle,autumn,2014,17.5833333333333,60.733333333333300,Lamichhaney_2017,0.027941,gavle_3,modern,no
BF1,clupea_harengus,BALTIC,Fehmarn,autumn,2014,11.5,54.833333333333300,Lamichhaney_2017,0.368094,fehmarn_1,modern,no
BF16,clupea_harengus,BALTIC,HastKar,spring,2013,17.739702,60.532414,Han_2020,10.943720,hastkar_1,modern,yes
BF18,clupea_harengus,BALTIC,HastKar,spring,2013,17.739702,60.532414,Han_2020,14.579120,hastkar_2,modern,yes
BF19,clupea_harengus,BALTIC,HastKar,spring,2013,17.739702,60.532414,Han_2020,12.341225,hastkar_3,modern,yes
BF2,clupea_harengus,BALTIC,Fehmarn,autumn,2014,11.5,54.833333333333300,Lamichhaney_2017,0.243204,fehmarn_2,modern,no
BF21,clupea_harengus,BALTIC,HastKar,spring,2013,17.739702,60.532414,Han_2020,11.943595,hastkar_4,modern,yes
BF3,clupea_harengus,BALTIC,Fehmarn,autumn,2014,11.5,54.833333333333300,Lamichhaney_2017,0.214995,fehmarn_3,modern,no
BM14,clupea_harengus,BALTIC,HastKar,spring,2013,17.739702,60.532414,Han_2020,10.994397,hastkar_5,modern,yes
BM15,clupea_harengus,BALTIC,HastKar,spring,2013,17.739702,60.532414,Han_2020,13.088704,hastkar_6,modern,yes
BM16,clupea_harengus,BALTIC,HastKar,spring,2013,17.739702,60.532414,Han_2020,12.207955,hastkar_7,modern,yes
BM19,clupea_harengus,BALTIC,HastKar,spring,2013,17.739702,60.532414,Han_2020,11.347786,hastkar_8,modern,yes
BoBA,clupea_harengus,NW-ATL,Canada(Bonavista Bay),autumn,2014,-53.333333333333300,48.81666666666670,Lamichhaney_2017,0.294116,bonavistabay_1,modern,no
BoBB,clupea_harengus,NW-ATL,Canada(Bonavista Bay),autumn,2014,-53.333333333333300,48.81666666666670,Lamichhaney_2017,0.357556,bonavistabay_2,modern,no
FBA,clupea_harengus,NW-ATL,Canada(Fortune Bay),spring,2014,-55.63333333333330,47.28333333333330,Lamichhaney_2017,0.284379,fortunebay_3,modern,no
FBB,clupea_harengus,NW-ATL,Canada(Fortune Bay),spring,2014,-55.63333333333330,47.28333333333330,Lamichhaney_2017,0.284379,fortunebay_4,modern,no
Fehmarn3,clupea_harengus,BALTIC,Fehmarn,autumn,1979,11.5,54.833333333333300,Han_2020,24.435100,fehmarn_4,modern,yes
Fehmarn44,clupea_harengus,BALTIC,Fehmarn,autumn,1979,11.5,54.833333333333300,Han_2020,27.920339,fehmarn_5,modern,yes
Fehmarn6,clupea_harengus,BALTIC,Fehmarn,autumn,1979,11.5,54.833333333333300,Han_2020,28.588609,fehmarn_6,modern,yes
Gavle100,clupea_harengus,BALTIC,Gavle,autumn,2012,17.58333,60.73333,Han_2020,54.238486,gavle_4,modern,yes
Gavle54,clupea_harengus,BALTIC,Gavle,autumn,2012,17.58333,60.73333,Han_2020,26.176951,gavle_5,modern,yes
Gavle98,clupea_harengus,BALTIC,Gavle,autumn,2012,17.58333,60.73333,Han_2020,44.518503,gavle_6,modern,yes
GeBA,clupea_harengus,NW-ATL,Canada(German Banks),autumn,2014,-66.3,43.266666666666700,Lamichhaney_2017,0.413111,germanbanks_1,modern,no
GeBB,clupea_harengus,NW-ATL,Canada(German Banks),autumn,2014,-66.3,43.266666666666700,Lamichhaney_2017,0.299033,germanbanks_2,modern,no
HER001,clupea_harengus,BALTIC,Giecz_Poland,autumn,1000,17.37098,52.31987,Atmore_2022,0.360064,giecz_1,historical,yes
HER002,clupea_harengus,BALTIC,Giecz_Poland,autumn,1000,17.37098,52.31987,Atmore_2022,3.771173,giecz_2,historical,yes
HER003,clupea_harengus,BALTIC,Giecz_Poland,autumn,1000,17.37098,52.31987,Atmore_2022,0.671968,giecz_3,historical,yes
HER004,clupea_harengus,BALTIC,Giecz_Poland,autumn,1000,17.37098,52.31987,Atmore_2022,0.801839,giecz_4,historical,yes
HER005,clupea_harengus,BALTIC,Giecz_Poland,autumn,1000,17.37098,52.31987,Atmore_2022,2.109448,giecz_5,historical,yes
HER006,clupea_harengus,BALTIC,MalaNieszawka_Poland,autumn,1400,18.53935,52.99027,Atmore_2022,0.438109,malanieszawka_1,historical,yes
HER007,clupea_harengus,BALTIC,MalaNieszawka_Poland,autumn,1400,18.53935,52.99027,Atmore_2022,1.786001,malanieszawka_2,historical,yes
HER008,clupea_harengus,BALTIC,MalaNieszawka_Poland,autumn,1400,18.53935,52.99027,Atmore_2022,0.490429,malanieszawka_3,historical,yes
HER009,clupea_harengus,BALTIC,MalaNieszawka_Poland,autumn,1400,18.53935,52.99027,Atmore_2022,2.635084,malanieszawka_4,historical,yes
HER012,clupea_harengus,EUROPE,Schnabelgasse6_Basel_Switzerland,autumn/winter,1100,7.58857,47.55959,Atmore_2024,0.151574,basel_1,historical,yes
HER013,clupea_harengus,EUROPE,Schnabelgasse6_Basel_Switzerland,autumn/winter,1100,7.58857,47.55959,Atmore_2024,0.247077,basel_2,historical,yes
HER014,clupea_harengus,EUROPE,Schnabelgasse6_Basel_Switzerland,autumn/winter,1100,7.58857,47.55959,Atmore_2024,0.008573,basel_3,historical,no
HER015,clupea_harengus,EUROPE,MuseumderKulturen_Basel_Switzerland,autumn/winter,1500,7.58857,47.55959,Atmore_2024,0.488902,basel_4,historical,yes
HER016,clupea_harengus,EUROPE,MuseumderKulturen_Basel_Switzerland,autumn/winter,1500,7.58857,47.55959,Atmore_2024,0.477429,basel_5,historical,yes
HER017,clupea_harengus,EUROPE,MuseumderKulturen_Basel_Switzerland,autumn/winter,1500,7.58857,47.55959,Atmore_2024,0.018995,basel_6,historical,no
HER018,clupea_harengus,EUROPE,MuseumderKulturen_Basel_Switzerland,autumn/winter,1500,7.58857,47.55959,Atmore_2024,0.357267,basel_7,historical,yes
HER019,clupea_harengus,NE-ATL,BiddinghuizenColfschip_Netherlands,autumn/winter,1500,5.47386,52.52455,Atmore_2024,0.000691,netherlands_1,historical,no
HER020,clupea_harengus,NE-ATL,BiddinghuizenColfschip_Netherlands,autumn/winter,1500,5.47386,52.52455,Atmore_2024,0.000711,netherlands_2,historical,no
HER021,clupea_harengus,NE-ATL,BiddinghuizenColfschip_Netherlands,autumn/winter,1500,5.47386,52.52455,Atmore_2024,0.002230,netherlands_3,historical,no
HER022,clupea_harengus,NE-ATL,BiddinghuizenColfschip_Netherlands,autumn/winter,1500,5.47386,52.52455,Atmore_2024,0.001059,netherlands_4,historical,no
HER023,clupea_harengus,NE-ATL,BiddinghuizenColfschip_Netherlands,autumn/winter,1500,5.47386,52.52455,Atmore_2024,0.004077,netherlands_5,historical,no
HER035,clupea_harengus,BALTIC,Kaldus_Poland,autumn,1100,18.39955,53.32197,Atmore_2022,0.088634,kaldus_1,historical,no
HER036,clupea_harengus,BALTIC,Truso_Poland,autumn,850,19.48769,54.11104,Atmore_2022,0.176422,truso_1,historical,yes
HER037,clupea_harengus,BALTIC,Truso_Poland,autumn,850,19.48769,54.11104,Atmore_2022,0.135972,truso_2,historical,yes
HER038,clupea_harengus,BALTIC,Truso_Poland,autumn,850,19.48769,54.11104,Atmore_2022,2.510542,truso_3,historical,yes
HER039,clupea_harengus,BALTIC,Truso_Poland,autumn,850,19.48769,54.11104,Atmore_2022,2.825148,truso_4,historical,yes
HER040,clupea_harengus,BALTIC,Truso_Poland,autumn,850,19.48769,54.11104,Atmore_2022,0.009439,truso_5,historical,no
HER041,clupea_harengus,BALTIC,Truso_Poland,autumn,850,19.48769,54.11104,Atmore_2022,2.636235,truso_6,historical,yes
HER042,clupea_harengus,BALTIC,Truso_Poland,autumn,850,19.48769,54.11104,Atmore_2022,2.660064,truso_7,historical,yes
HER043,clupea_harengus,BALTIC,Truso_Poland,autumn,850,19.48769,54.11104,Atmore_2022,1.059020,truso_8,historical,yes
HER044,clupea_harengus,BALTIC,Truso_Poland,autumn,850,19.48769,54.11104,Atmore_2022,0.012633,truso_9,historical,no
HER045,clupea_harengus,BALTIC,Truso_Poland,autumn,850,19.48769,54.11104,Atmore_2022,0.610068,truso_10,historical,yes
HER046,clupea_harengus,BALTIC,Truso_Poland,autumn,850,19.48769,54.11104,Atmore_2022,0.457322,truso_11,historical,yes
HER047,clupea_harengus,BALTIC,KolowbrzwegBudzistowo_Poland,autumn,850,15.58678,54.1743,Atmore_2022,0.879091,budzistowo_1,historical,yes
HER048,clupea_harengus,BALTIC,KolowbrzwegBudzistowo_Poland,autumn,850,15.58678,54.1743,Atmore_2022,0.005766,budzistowo_2,historical,no
HER050,clupea_harengus,BALTIC,KolowbrzwegBudzistowo_Poland,autumn,850,15.58678,54.1743,Atmore_2022,0.006082,budzistowo_3,historical,no
HER051,clupea_harengus,BALTIC,KolowbrzwegBudzistowo_Poland,autumn,850,15.58678,54.1743,Atmore_2022,0.189824,budzistowo_4,historical,yes
HER052,clupea_harengus,BALTIC,KolowbrzwegBudzistowo_Poland,autumn,850,15.58678,54.1743,Atmore_2022,0.004850,budzistowo_5,historical,no
HER054,clupea_harengus,BALTIC,KolowbrzwegBudzistowo_Poland,autumn,850,15.58678,54.1743,Atmore_2022,0.007688,budzistowo_6,historical,no
HER055,clupea_harengus,BALTIC,KolowbrzwegBudzistowo_Poland,autumn,850,15.58678,54.1743,Atmore_2022,0.022979,budzistowo_7,historical,no
HER056,clupea_harengus,BALTIC,KolowbrzwegBudzistowo_Poland,autumn,850,15.58678,54.1743,Atmore_2022,0.569305,budzistowo_8,historical,yes
HER057,clupea_harengus,BALTIC,KolowbrzwegBudzistowo_Poland,autumn,850,15.58678,54.1743,Atmore_2022,0.023611,budzistowo_9,historical,no
HER059,clupea_harengus,BALTIC,KadriorgWreck_Estonia,autumn,1300,24.7871,59.43665,Atmore_2022,1.491634,kadriorgwreck_1,historical,yes
HER064,clupea_harengus,NE-ATL,BiddinghuizenColfschip_Netherlands,autumn/winter,1500,5.47386,52.52455,Atmore_2024,0.006270,netherlands_6,historical,no
HER065,clupea_harengus,NE-ATL,HuisindenStruys_Veere_Netherlands,autumn/winter,1400,3.66354,51.54794,Atmore_2024,6.065631,netherlands_7,historical,yes
HER067,clupea_harengus,NE-ATL,HuisindenStruys_Veere_Netherlands,autumn/winter,1400,3.66354,51.54794,Atmore_2024,1.753210,netherlands_8,historical,yes
HER069,clupea_harengus,NE-ATL,HuisindenStruys_Veere_Netherlands,autumn/winter,1400,3.66354,51.54794,Atmore_2024,0.078740,netherlands_9,historical,no
HER088,clupea_harengus,TRANS,Kaupang_Norway,autumn/winter,800,10.10676,59.03427,Atmore_2024,0.007315,kaupang_1,historical,no
HER102,clupea_harengus,NE-ATL,Coppergate_York_UK,autumn/winter,1100,-1.07391,53.96142,Atmore_2024,3.629399,york_1,historical,yes
HER104,clupea_harengus,NE-ATL,Coppergate_York_UK,autumn/winter,1100,-1.07391,53.96142,Atmore_2024,0.655914,york_2,historical,yes
HER105,clupea_harengus,NE-ATL,Coppergate_York_UK,autumn/winter,955,-1.07391,53.96142,Atmore_2024,0.027706,york_3,historical,no
HER106,clupea_harengus,NE-ATL,Coppergate_York_UK,autumn/winter,955,-1.07391,53.96142,Atmore_2024,1.709764,york_4,historical,yes
HER109,clupea_harengus,NE-ATL,Coppergate_York_UK,autumn/winter,955,-1.07391,53.96142,Atmore_2024,5.599562,york_5,historical,yes
HER110,clupea_harengus,TRANS,Selso-Vestby_Denmark,autumn,900,11.99675,55.74726,Atmore_2022,0.858223,selso_1,historical,yes
HER111,clupea_harengus,TRANS,Selso-Vestby_Denmark,autumn,1000,11.99675,55.74726,Atmore_2022,0.033486,selso_2,historical,no
HER112,clupea_harengus,TRANS,Selso-Vestby_Denmark,autumn,1000,11.99675,55.74726,Atmore_2022,0.815811,selso_3,historical,yes
HER113,clupea_harengus,TRANS,Selso-Vestby_Denmark,autumn,1000,11.99675,55.74726,Atmore_2022,0.051340,selso_4,historical,no
HER114,clupea_harengus,TRANS,Selso-Vestby_Denmark,autumn,1000,11.99675,55.74726,Atmore_2022,0.017618,selso_5,historical,no
HER115,clupea_harengus,TRANS,Selso-Vestby_Denmark,autumn,1000,11.99675,55.74726,Atmore_2022,0.016896,selso_6,historical,no
HER116,clupea_harengus,TRANS,Selso-Vestby_Denmark,autumn,1380,11.99675,55.74726,Atmore_2022,0.313997,selso_7,historical,yes
HER117,clupea_harengus,TRANS,Selso-Vestby_Denmark,autumn,1380,11.99675,55.74726,Atmore_2022,0.036590,selso_8,historical,no
HER118,clupea_harengus,TRANS,Selso-Vestby_Denmark,autumn,1380,11.99675,55.74726,Atmore_2022,3.252341,selso_9,historical,yes
HER121,clupea_harengus,NE-ATL,BlueBridgeLane_York_UK,autumn/winter,1300,-1.07391,53.96142,Atmore_2024,0.092312,york_6,historical,no
HER123,clupea_harengus,NE-ATL,BlueBridgeLane_York_UK,autumn/winter,1300,-1.07391,53.96142,Atmore_2024,0.045446,york_7,historical,no
HER124,clupea_harengus,NE-ATL,BlueBridgeLane_York_UK,autumn/winter,1300,-1.07391,53.96142,Atmore_2024,0.259538,york_8,historical,yes
HER127,clupea_harengus,NE-ATL,BlueBridgeLane_York_UK,autumn/winter,1300,-1.07391,53.96142,Atmore_2024,14.413158,york_9,historical,yes
HER128,clupea_harengus,NE-ATL,Lyminge_UK,autumn/winter,800,1.08968,51.12899,Atmore_2024,0.027791,lyminge_1,historical,no
HER130,clupea_harengus,NE-ATL,Lyminge_UK,autumn/winter,800,1.08968,51.12899,Atmore_2024,0.060024,lyminge_2,historical,no
HER132,clupea_harengus,NE-ATL,Lyminge_UK,autumn/winter,800,1.08968,51.12899,Atmore_2024,8.347729,lyminge_3,historical,yes
HER133,clupea_harengus,NE-ATL,Lyminge_UK,autumn/winter,800,1.08968,51.12899,Atmore_2024,9.478552,lyminge_4,historical,yes
HER134,clupea_harengus,NE-ATL,Lyminge_UK,autumn/winter,800,1.08968,51.12899,Atmore_2024,0.319027,lyminge_5,historical,yes
HER135,clupea_harengus,NE-ATL,Lyminge_UK,autumn/winter,800,1.08968,51.12899,Atmore_2024,19.180103,lyminge_6,historical,no
HER136,clupea_harengus,NE-ATL,Lyminge_UK,autumn/winter,800,1.08968,51.12899,Atmore_2024,0.025057,lyminge_7,historical,no
Herring752,clupea_pallasii,NE-ATL,NorwegianSea_Balsfjord,NA,2011,19.28,69.27,Han_2020,6.814744,balsfjord_1,modern,no
Herring753,clupea_pallasii,NE-ATL,NorwegianSea_Balsfjord,NA,2011,19.28,69.27,Han_2020,9.595601,balsfjord_2,modern,no
Herring754,clupea_pallasii,NE-ATL,NorwegianSea_Balsfjord,NA,2011,19.28,69.27,Han_2020,7.211336,balsfjord_3,modern,no
Herring755,clupea_pallasii,NE-ATL,NorwegianSea_Balsfjord,NA,2011,19.28,69.27,Han_2020,1.342120,balsfjord_4,modern,no
Herring756,clupea_pallasii,NE-ATL,NorwegianSea_Balsfjord,NA,2011,19.28,69.27,Han_2020,2.598734,balsfjord_5,modern,no
Herring757,clupea_pallasii,NE-ATL,NorwegianSea_Balsfjord,NA,2011,19.28,69.27,Han_2020,1.902919,balsfjord_6,modern,no
Herring758,clupea_pallasii,NE-ATL,NorwegianSea_Balsfjord,NA,2011,19.28,69.27,Han_2020,1.050096,balsfjord_7,modern,no
Herring759,clupea_pallasii,NE-ATL,NorwegianSea_Balsfjord,NA,2011,19.28,69.27,Han_2020,1.628800,balsfjord_8,modern,no
Herring760,clupea_pallasii,NE-ATL,NorwegianSea_Balsfjord,NA,2011,19.28,69.27,Han_2020,1.926362,balsfjord_9,modern,no
Herring761,clupea_pallasii,NE-ATL,NorwegianSea_Balsfjord,NA,2011,19.28,69.27,Han_2020,1.753992,balsfjord_10,modern,no
Herring762,clupea_pallasii,NE-ATL,NorwegianSea_Balsfjord,NA,2011,19.28,69.27,Han_2020,2.604929,balsfjord_11,modern,no
Herring763,clupea_pallasii,NE-ATL,NorwegianSea_Balsfjord,NA,2011,19.28,69.27,Han_2020,3.172593,balsfjord_12,modern,no
Herring765,clupea_pallasii,NE-ATL,NorwegianSea_Balsfjord,NA,2011,19.28,69.27,Han_2020,2.436068,balsfjord_13,modern,no
Herring766,clupea_pallasii,NE-ATL,NorwegianSea_Balsfjord,NA,2011,19.28,69.27,Han_2020,1.483047,balsfjord_14,modern,no
Herring767,clupea_pallasii,NE-ATL,NorwegianSea_Balsfjord,NA,2011,19.28,69.27,Han_2020,1.016704,balsfjord_15,modern,no
Herring768,clupea_pallasii,NE-ATL,NorwegianSea_Balsfjord,NA,2011,19.28,69.27,Han_2020,1.115841,balsfjord_16,modern,no
Herring769,clupea_pallasii,NE-ATL,NorwegianSea_Balsfjord,NA,2011,19.28,69.27,Han_2020,1.780046,balsfjord_17,modern,no
Herring770,clupea_pallasii,NE-ATL,NorwegianSea_Balsfjord,NA,2011,19.28,69.27,Han_2020,1.759150,balsfjord_18,modern,no
Herring771,clupea_pallasii,NE-ATL,NorwegianSea_Balsfjord,NA,2011,19.28,69.27,Han_2020,1.636533,balsfjord_19,modern,no
Herring772,clupea_pallasii,NE-ATL,NorwegianSea_Balsfjord,NA,2011,19.28,69.27,Han_2020,2.463742,balsfjord_20,modern,no
Herring773,clupea_pallasii,NE-ATL,NorwegianSea_Balsfjord,NA,2011,19.28,69.27,Han_2020,1.116045,balsfjord_21,modern,no
Herring774,clupea_pallasii,NE-ATL,NorwegianSea_Balsfjord,NA,2011,19.28,69.27,Han_2020,1.935665,balsfjord_22,modern,no
Herring775,clupea_pallasii,NE-ATL,NorwegianSea_Balsfjord,NA,2011,19.28,69.27,Han_2020,1.649631,balsfjord_23,modern,no
Herring776,clupea_pallasii,NE-ATL,NorwegianSea_Balsfjord,NA,2011,19.28,69.27,Han_2020,2.184655,balsfjord_24,modern,no
Herring777,clupea_pallasii,NE-ATL,NorwegianSea_Balsfjord,NA,2011,19.28,69.27,Han_2020,1.112091,balsfjord_25,modern,no
Herring778,clupea_pallasii,NE-ATL,NorwegianSea_Balsfjord,NA,2011,19.28,69.27,Han_2020,1.819397,balsfjord_26,modern,no
Herring779,clupea_pallasii,NE-ATL,NorwegianSea_Balsfjord,NA,2011,19.28,69.27,Han_2020,1.734013,balsfjord_27,modern,no
Herring780,clupea_pallasii,NE-ATL,NorwegianSea_Balsfjord,NA,2011,19.28,69.27,Han_2020,2.483828,balsfjord_28,modern,no
Herring781,clupea_pallasii,NE-ATL,NorwegianSea_Balsfjord,NA,2011,19.28,69.27,Han_2020,0.749738,balsfjord_29,modern,no
Herring782,clupea_pallasii,NE-ATL,NorwegianSea_Balsfjord,NA,2011,19.28,69.27,Han_2020,1.368179,balsfjord_30,modern,no
Herring783,clupea_pallasii,NE-ATL,NorwegianSea_Balsfjord,NA,2011,19.28,69.27,Han_2020,0.439648,balsfjord_31,modern,no
Herring784,clupea_pallasii,NE-ATL,NorwegianSea_Balsfjord,NA,2011,19.28,69.27,Han_2020,1.339224,balsfjord_32,modern,no
Herring785,clupea_pallasii,NE-ATL,NorwegianSea_Balsfjord,NA,2011,19.28,69.27,Han_2020,1.151127,balsfjord_33,modern,no
Herring786,clupea_pallasii,NE-ATL,NorwegianSea_Balsfjord,NA,2011,19.28,69.27,Han_2020,1.584303,balsfjord_34,modern,no
Herring787,clupea_pallasii,NE-ATL,NorwegianSea_Balsfjord,NA,2011,19.28,69.27,Han_2020,2.192428,balsfjord_35,modern,no
Herring788,clupea_pallasii,NE-ATL,NorwegianSea_Balsfjord,NA,2011,19.28,69.27,Han_2020,1.512577,balsfjord_36,modern,no
Herring789,clupea_pallasii,NE-ATL,NorwegianSea_Balsfjord,NA,2011,19.28,69.27,Han_2020,1.838751,balsfjord_37,modern,no
Herring790,clupea_pallasii,NE-ATL,NorwegianSea_Balsfjord,NA,2011,19.28,69.27,Han_2020,1.279255,balsfjord_38,modern,no
Herring791,clupea_pallasii,NE-ATL,NorwegianSea_Balsfjord,NA,2011,19.28,69.27,Han_2020,1.234803,balsfjord_39,modern,no
Herring792,clupea_pallasii,NE-ATL,NorwegianSea_Balsfjord,NA,2011,19.28,69.27,Han_2020,2.105464,balsfjord_40,modern,no
Herring793,clupea_pallasii,NE-ATL,NorwegianSea_Balsfjord,NA,2011,19.28,69.27,Han_2020,1.943882,balsfjord_41,modern,no
HWS11,clupea_pallasii,W-PACIFIC,Pacific_Japan,NA,2005,141.94,48.4,Han_2020,24.396560,japan_1,modern,no
HWS12,clupea_pallasii,W-PACIFIC,Pacific_Japan,NA,2005,141.94,48.4,Han_2020,34.940292,japan_2,modern,no
HWS13,clupea_pallasii,W-PACIFIC,Pacific_Japan,NA,2005,141.94,48.4,Han_2020,27.140489,japan_3,modern,no
HWS14,clupea_pallasii,W-PACIFIC,Pacific_Japan,NA,2005,141.94,48.4,Han_2020,37.047607,japan_4,modern,no
HWS21,clupea_pallasii,ARCTIC,Arctic_Pechora,NA,2010,45.99,67.78,Han_2020,34.394508,pechora_1,modern,no
HWS22,clupea_pallasii,ARCTIC,Arctic_Pechora,NA,2010,45.99,67.78,Han_2020,37.470781,pechora_2,modern,no
HWS23,clupea_pallasii,ARCTIC,Arctic_Pechora,NA,2010,45.99,67.78,Han_2020,33.860046,pechora_3,modern,no
HWS24,clupea_pallasii,ARCTIC,Arctic_Pechora,NA,2010,45.99,67.78,Han_2020,30.269200,pechora_4,modern,no
HWS31,clupea_pallasii,ARCTIC,Arctic_White,NA,2010,37.9,64.0,Han_2020,40.614315,whitesea_1,modern,no
HWS32,clupea_pallasii,ARCTIC,Arctic_White,NA,2010,37.9,64.0,Han_2020,35.219434,whitesea_2,modern,no
HWS33,clupea_pallasii,ARCTIC,Arctic_White,NA,2010,37.9,64.0,Han_2020,47.374277,whitesea_3,modern,no
HWS34,clupea_pallasii,ARCTIC,Arctic_White,NA,2010,37.9,64.0,Han_2020,40.634326,whitesea_4,modern,no
HWS41,clupea_pallasii,ARCTIC,Arctic_White,NA,2010,32.55,67.04,Han_2020,42.831255,whitesea_5,modern,no
HWS42,clupea_pallasii,ARCTIC,Arctic_White,NA,2010,32.55,67.04,Han_2020,40.780972,whitesea_6,modern,no
HWS43,clupea_pallasii,ARCTIC,Arctic_White,NA,2010,32.55,67.04,Han_2020,36.849739,whitesea_7,modern,no
HWS44,clupea_pallasii,ARCTIC,Arctic_White,NA,2010,32.55,67.04,Han_2020,41.700229,whitesea_8,modern,no
HWS51,clupea_pallasii,ARCTIC,Arctic_White,NA,2010,34.25,66.65,Han_2020,44.649178,whitesea_9,modern,no
HWS52,clupea_pallasii,ARCTIC,Arctic_White,NA,2010,34.25,66.65,Han_2020,35.891435,whitesea_10,modern,no
HWS53,clupea_pallasii,ARCTIC,Arctic_White,NA,2010,34.25,66.65,Han_2020,38.567129,whitesea_11,modern,no
HWS54,clupea_pallasii,ARCTIC,Arctic_White,NA,2010,34.25,66.65,Han_2020,40.557094,whitesea_12,modern,no
HWS61,clupea_pallasii,NE-ATL,NorwegianSea_Balsfjord,NA,2011,19.28,69.27,Han_2020,32.961172,balsfjord_42,modern,no
HWS62,clupea_pallasii,NE-ATL,NorwegianSea_Balsfjord,NA,2011,19.28,69.27,Han_2020,37.243863,balsfjord_43,modern,no
HWS63,clupea_pallasii,NE-ATL,NorwegianSea_Balsfjord,NA,2011,19.28,69.27,Han_2020,39.831398,balsfjord_44,modern,no
HWS64,clupea_pallasii,NE-ATL,NorwegianSea_Balsfjord,NA,2011,19.28,69.27,Han_2020,38.814220,balsfjord_45,modern,no
InBA,clupea_harengus,NW-ATL,Canada(Inner Baie Des Chaleurs),spring,2014,-65.85,48.0,Lamichhaney_2017,0.105637,baiedeschaleurs_1,modern,no
InBB,clupea_harengus,NW-ATL,Canada(Inner Baie Des Chaleurs),spring,2014,-65.85,48.0,Lamichhaney_2017,0.031212,baiedeschaleurs_2,modern,no
MB1,clupea_harengus,UNKNOWN,UNKNOWN,UNKNOWN,2013,UNKNOWN,UNKNOWN,MartinezBarrio_2016,8.482446,martinezbarrio_1,modern,no
MB2,clupea_harengus,UNKNOWN,UNKNOWN,UNKNOWN,2013,UNKNOWN,UNKNOWN,MartinezBarrio_2016,8.525601,martinezbarrio_2,modern,no
MB3,clupea_harengus,UNKNOWN,UNKNOWN,UNKNOWN,2013,UNKNOWN,UNKNOWN,MartinezBarrio_2016,11.713264,martinezbarrio_3,modern,no
MB4,clupea_harengus,UNKNOWN,UNKNOWN,UNKNOWN,2013,UNKNOWN,UNKNOWN,MartinezBarrio_2016,6.263314,martinezbarrio_4,modern,no
MB5,clupea_harengus,UNKNOWN,UNKNOWN,UNKNOWN,2013,UNKNOWN,UNKNOWN,MartinezBarrio_2016,3.581390,martinezbarrio_5,modern,no
MB6,clupea_harengus,UNKNOWN,UNKNOWN,UNKNOWN,2013,UNKNOWN,UNKNOWN,MartinezBarrio_2016,5.078874,martinezbarrio_6,modern,no
MB7,clupea_harengus,UNKNOWN,UNKNOWN,UNKNOWN,2013,UNKNOWN,UNKNOWN,MartinezBarrio_2016,4.382894,martinezbarrio_7,modern,no
MB8,clupea_harengus,UNKNOWN,UNKNOWN,UNKNOWN,2013,UNKNOWN,UNKNOWN,MartinezBarrio_2016,4.358514,martinezbarrio_8,modern,no
MHER001,clupea_harengus,NE-ATL,Karmoy_Norway,spring,2002,5.20294,59.30354,Atmore_2022,12.627665,karmoy_1,modern,yes
MHER002,clupea_harengus,NE-ATL,Karmoy_Norway,spring,2002,5.20294,59.30354,Atmore_2022,6.617230,karmoy_2,modern,yes
MHER003,clupea_harengus,NE-ATL,Karmoy_Norway,spring,2002,5.20294,59.30354,Atmore_2022,10.484755,karmoy_3,modern,yes
MHER005,clupea_harengus,NE-ATL,More_Norway,spring,2002,7.00714,62.84068,Atmore_2022,5.763099,more_1,modern,yes
MHER006,clupea_harengus,NE-ATL,More_Norway,spring,2002,7.00714,62.84068,Atmore_2022,10.050708,more_2,modern,yes
MHER007,clupea_harengus,NE-ATL,More_Norway,spring,2002,7.00714,62.84068,Atmore_2022,14.861273,more_3,modern,yes
MHER008,clupea_harengus,NE-ATL,More_Norway,spring,2002,7.00714,62.84068,Atmore_2022,10.232833,more_4,modern,yes
MHER009,clupea_harengus,TRANS,Risor_Norway,spring,2003,9.23274,58.7203,Atmore_2022,18.001206,risor_1,modern,yes
MHER010,clupea_harengus,TRANS,Risor_Norway,spring,2003,9.23274,58.7203,Atmore_2022,13.977349,risor_2,modern,yes
MHER011,clupea_harengus,TRANS,Risor_Norway,spring,2003,9.23274,58.7203,Atmore_2022,11.985647,risor_3,modern,yes
MHER012,clupea_harengus,TRANS,Risor_Norway,spring,2003,9.23274,58.7203,Atmore_2022,13.061366,risor_4,modern,yes
MHER013,clupea_harengus,TRANS,Maseskar_Sweden,spring,2003,11.32181,58.09425,Atmore_2022,15.456427,maseskar_1,modern,yes
MHER014,clupea_harengus,TRANS,Maseskar_Sweden,spring,2003,11.32181,58.09425,Atmore_2022,12.537971,maseskar_2,modern,yes
MHER015,clupea_harengus,TRANS,Maseskar_Sweden,spring,2003,11.32181,58.09425,Atmore_2022,11.573926,maseskar_3,modern,yes
MHER016,clupea_harengus,BALTIC,Kalix_Finland,spring,2002,23.30565,65.76593,Atmore_2022,15.346925,kalix_1,modern,yes
MHER017,clupea_harengus,BALTIC,Kalix_Finland,spring,2002,23.30565,65.76593,Atmore_2022,15.286734,kalix_2,modern,yes
MHER018,clupea_harengus,BALTIC,Kalix_Finland,spring,2002,23.30565,65.76593,Atmore_2022,13.421454,kalix_3,modern,yes
MHER019,clupea_harengus,BALTIC,Kalmarsund_Sweden,spring,2010,16.33068,56.59106,Atmore_2022,10.830396,kalmarsund_1,modern,yes
MHER020,clupea_harengus,BALTIC,Kalmarsund_Sweden,spring,2010,16.33068,56.59106,Atmore_2022,10.457843,kalmarsund_2,modern,yes
MHER021,clupea_harengus,BALTIC,Kalmarsund_Sweden,spring,2010,16.33068,56.59106,Atmore_2022,18.586982,kalmarsund_3,modern,yes
MHER022,clupea_harengus,TRANS,Idefjord-Inner_Norway,spring,2010,11.38076,59.07217,Atmore_2022,13.143901,idefjord_1,modern,yes
MHER023,clupea_harengus,TRANS,Idefjord-Inner_Norway,spring,2010,11.38076,59.07217,Atmore_2022,11.342248,idefjord_2,modern,yes
MHER024,clupea_harengus,TRANS,Idefjord-Inner_Norway,spring,2010,11.38076,59.07217,Atmore_2022,12.582989,idefjord_3,modern,yes
MHER025,clupea_harengus,BALTIC,Blekinge_Sweden,spring,2010,15.33585,56.11257,Atmore_2022,17.551036,blekinge_1,modern,yes
MHER026,clupea_harengus,BALTIC,Blekinge_Sweden,spring,2010,15.33585,56.11257,Atmore_2022,13.863332,blekinge_2,modern,yes
MHER027,clupea_harengus,BALTIC,Blekinge_Sweden,spring,2010,15.33585,56.11257,Atmore_2022,13.700411,blekinge_3,modern,yes
MHER028,clupea_harengus,TRANS,Idefjord-Outer_Norway,spring,2010,11.38076,59.07217,Atmore_2022,12.980039,idefjord_4,modern,yes
MHER029,clupea_harengus,TRANS,Idefjord-Outer_Norway,spring,2010,11.38076,59.07217,Atmore_2022,11.798575,idefjord_5,modern,yes
MHER030,clupea_harengus,TRANS,Idefjord-Outer_Norway,spring,2010,11.38076,59.07217,Atmore_2022,19.558117,idefjord_6,modern,yes
MHER034,clupea_harengus,TRANS,Maseskar_Sweden,spring,2003,11.32181,58.09425,Atmore_2022,16.090885,maseskar_4,modern,yes
MHER035,clupea_harengus,TRANS,Maseskar_Sweden,spring,2003,11.32181,58.09425,Atmore_2022,16.338378,maseskar_5,modern,yes
MHER036,clupea_harengus,TRANS,Maseskar_Sweden,spring,2003,11.32181,58.09425,Atmore_2022,14.315568,maseskar_6,modern,yes
MHER037,clupea_harengus,TRANS,Maseskar_Sweden,spring,2003,11.32181,58.09425,Atmore_2022,14.035028,maseskar_7,modern,yes
MHER038,clupea_harengus,TRANS,Risor_Norway,spring,2003,9.23274,58.7203,Atmore_2022,14.040622,risor_5,modern,yes
MHER039,clupea_harengus,TRANS,Risor_Norway,spring,2003,9.23274,58.7203,Atmore_2022,11.233011,risor_6,modern,yes
MHER044,clupea_harengus,TRANS,Idefjord-Outer_Norway,spring,2010,11.38076,59.07217,Atmore_2022,17.963588,idefjord_7,modern,yes
MHER045,clupea_harengus,TRANS,Idefjord-Outer_Norway,spring,2010,11.38076,59.07217,Atmore_2022,14.185182,idefjord_8,modern,yes
MHER046,clupea_harengus,TRANS,Idefjord-Outer_Norway,spring,2010,11.38076,59.07217,Atmore_2022,18.085933,idefjord_9,modern,yes
MHER052,clupea_harengus,BALTIC,Kalmarsund_Sweden,spring,2010,16.33068,56.59106,Atmore_2022,14.866189,kalmarsund_4,modern,yes
MHER053,clupea_harengus,NE-ATL,Karmoy_Norway,spring,2002,5.20294,59.30354,Atmore_2022,13.046422,karmoy_4,modern,yes
MHER054,clupea_harengus,BALTIC,Kalix_Finland,spring,2002,23.30565,65.76593,Atmore_2022,16.494953,kalix_4,modern,yes
MHER055,clupea_harengus,BALTIC,Kalix_Finland,spring,2002,23.30565,65.76593,Atmore_2022,15.857486,kalix_5,modern,yes
MHER056,clupea_harengus,BALTIC,Kalix_Finland,spring,2002,23.30565,65.76593,Atmore_2022,15.485583,kalix_6,modern,yes
MHER057,clupea_harengus,BALTIC,Blekinge_Sweden,spring,2010,15.33585,56.11257,Atmore_2022,12.692839,blekinge_4,modern,yes
MHER058,clupea_harengus,BALTIC,Blekinge_Sweden,spring,2010,15.33585,56.11257,Atmore_2022,20.206811,blekinge_5,modern,yes
MHER059,clupea_harengus,BALTIC,Blekinge_Sweden,spring,2010,15.33585,56.11257,Atmore_2022,11.194399,blekinge_6,modern,yes
MHER061,clupea_harengus,TRANS,Idefjord-Inner_Norway,spring,2010,11.38076,59.07217,Atmore_2022,17.481650,idefjord_10,modern,yes
MHER062,clupea_harengus,TRANS,Idefjord-Inner_Norway,spring,2010,11.38076,59.07217,Atmore_2022,12.482574,idefjord_11,modern,yes
MHER063,clupea_harengus,TRANS,Idefjord-Outer_Norway,spring,2010,11.38076,59.07217,Atmore_2022,8.841986,idefjord_12,modern,yes
MHER064,clupea_harengus,TRANS,Idefjord-Outer_Norway,spring,2010,11.38076,59.07217,Atmore_2022,8.000052,idefjord_13,modern,yes
MHER065,clupea_harengus,TRANS,Risor_Norway,spring,2003,9.23274,58.7203,Atmore_2022,13.881659,risor_7,modern,yes
MHER066,clupea_harengus,TRANS,Risor_Norway,spring,2003,9.23274,58.7203,Atmore_2022,10.863893,risor_8,modern,yes
ND001,clupea_harengus,TRANS,Gullholmen,UNKNOWN,1750,11.40086,58.18524,current,0.959309,gullholmen_1,sillperioder,yes
ND006,clupea_harengus,TRANS,Gullholmen,UNKNOWN,1750,11.40086,58.18524,current,0.540317,gullholmen_2,sillperioder,yes
ND009,clupea_harengus,TRANS,Gullholmen,UNKNOWN,1750,11.40086,58.18524,current,0.068978,gullholmen_3,sillperioder,yes
ND010,clupea_harengus,TRANS,Gullholmen,UNKNOWN,1750,11.40086,58.18524,current,0.123629,gullholmen_4,sillperioder,yes
ND011,clupea_harengus,TRANS,Gullholmen,UNKNOWN,1750,11.40086,58.18524,current,1.142912,gullholmen_5,sillperioder,yes
ND021,clupea_harengus,TRANS,Kalvsund,UNKNOWN,1880,11.68775,57.70265,current,1.992007,kalvsund_1,sillperioder,yes
ND022,clupea_harengus,TRANS,Koster,UNKNOWN,1881,11.02689,58.90114,current,3.369805,koster_1,sillperioder,yes
ND023,clupea_harengus,TRANS,Koster,UNKNOWN,1897,11.02689,58.90114,current,0.939438,koster_2,sillperioder,yes
ND024,clupea_harengus,TRANS,Koster,UNKNOWN,1897,11.02689,58.90114,current,0.734637,koster_3,sillperioder,yes
ND026,clupea_harengus,TRANS,Koster,UNKNOWN,1898,11.02689,58.90114,current,1.101474,koster_4,sillperioder,yes
ND028,clupea_harengus,NE-ATL,Unknown_Scotland,UNKNOWN,1900,-4.29295,56.61952,current,0.856157,scotland_1,sillperioder,yes
ND029,clupea_harengus,NE-ATL,Unknown_Scotland,UNKNOWN,1900,-4.29295,56.61952,current,1.541142,scotland_2,sillperioder,yes
ND030,clupea_harengus,NE-ATL,Haugesund,UNKNOWN,1900,5.246043,59.4257685,current,2.072631,haugesund_1,sillperioder,yes
ND031,clupea_harengus,NE-ATL,Haugesund,UNKNOWN,1900,5.246043,59.4257685,current,1.745016,haugesund_2,sillperioder,yes
ND032,clupea_harengus,BALTIC,Karlskrona,UNKNOWN,1900,15.5978048,56.155779,current,0.963295,karlskrona_1,sillperioder,no
ND034,clupea_harengus,TRANS,Kalvsund,UNKNOWN,1880,11.68775,57.70265,current,0.530115,kalvsund_2,sillperioder,yes
ND036,clupea_harengus,TRANS,Kalvsund,UNKNOWN,1881,11.68775,57.70265,current,2.071453,kalvsund_3,sillperioder,yes
ND038,clupea_harengus,NE-ATL,Unknown_Scotland,UNKNOWN,1900,-4.29295,56.61952,current,0.457250,scotland_3,sillperioder,yes
ND039,clupea_harengus,NE-ATL,Unknown_Scotland,UNKNOWN,1900,-4.29295,56.61952,current,1.208249,scotland_4,sillperioder,yes
ND040,clupea_harengus,NE-ATL,Haugesund,UNKNOWN,1900,5.246043,59.4257685,current,0.802547,haugesund_3,sillperioder,yes
ND141,clupea_harengus,NE-ATL,Firth_of_Forth__East_Coast_of_Scotland,UNKNOWN,1848,-3.2609567,56.0377475,current,NA,NA,NA,no
ND142,clupea_harengus,NE-ATL,Firth_of_Forth__East_Coast_of_Scotland,UNKNOWN,1848,-3.2609567,56.0377475,current,1.697049,scotland_5,historical,yes
ND143,clupea_harengus,NE-ATL,Firth_of_Forth__East_Coast_of_Scotland,UNKNOWN,1848,-3.2609567,56.0377475,current,NA,NA,NA,no
ND144,clupea_harengus,NE-ATL,Firth_of_Forth__East_Coast_of_Scotland,UNKNOWN,1848,-3.2609567,56.0377475,current,NA,NA,NA,no
ND145,clupea_harengus,NE-ATL,Firth_of_Forth__East_Coast_of_Scotland,UNKNOWN,1848,-3.2609567,56.0377475,current,NA,NA,NA,no
ND146,clupea_harengus,NE-ATL,Firth_of_Forth__East_Coast_of_Scotland,UNKNOWN,1848,-3.2609567,56.0377475,current,NA,NA,NA,no
ND147,clupea_harengus,NE-ATL,Firth_of_Forth__East_Coast_of_Scotland,UNKNOWN,1848,-3.2609567,56.0377475,current,NA,NA,NA,no
ND148,clupea_harengus,NE-ATL,Firth_of_Forth__East_Coast_of_Scotland,UNKNOWN,1848,-3.2609567,56.0377475,current,NA,NA,NA,no
ND149,clupea_harengus,NE-ATL,Firth_of_Forth__East_Coast_of_Scotland,UNKNOWN,1848,-3.2609567,56.0377475,current,NA,NA,NA,no
ND150,clupea_harengus,NE-ATL,Firth_of_Forth__East_Coast_of_Scotland,UNKNOWN,1848,-3.2609567,56.0377475,current,NA,NA,NA,no
ND151,clupea_harengus,NE-ATL,Firth_of_Forth__East_Coast_of_Scotland,UNKNOWN,1848,-3.2609567,56.0377475,current,NA,NA,NA,no
ND152,clupea_harengus,NE-ATL,Firth_of_Forth__East_Coast_of_Scotland,UNKNOWN,1848,-3.2609567,56.0377475,current,NA,NA,NA,no
ND153,clupea_harengus,NE-ATL,Firth_of_Forth__East_Coast_of_Scotland,UNKNOWN,1848,-3.2609567,56.0377475,current,NA,NA,NA,no
ND154,clupea_harengus,NE-ATL,Firth_of_Forth__East_Coast_of_Scotland,UNKNOWN,1848,-3.2609567,56.0377475,current,NA,NA,NA,no
ND155,clupea_harengus,NE-ATL,Firth_of_Forth__East_Coast_of_Scotland,UNKNOWN,1848,-3.2609567,56.0377475,current,NA,NA,NA,no
ND156,clupea_harengus,NE-ATL,Firth_of_Forth__East_Coast_of_Scotland,UNKNOWN,1848,-3.2609567,56.0377475,current,NA,NA,NA,no
ND157,clupea_harengus,NE-ATL,Millport_Bay__East_Coast_of_Scotland,UNKNOWN,1890,-4.9254889,55.7449326,current,77.791860,scotland_6,sillperioder,yes
ND158,clupea_harengus,NE-ATL,Campbelltown__East_Coast_of_Scotland,UNKNOWN,1890,-5.605374,55.424117,current,16.491886,scotland_7,sillperioder,yes
ND159,clupea_harengus,NE-ATL,East_Coast_of_Scotland,UNKNOWN,1902,NA,NA,current,NA,NA,NA,no
ND160,clupea_harengus,NE-ATL,Røvær,UNKNOWN,1881,5.108007,59.4392627,current,NA,NA,NA,no
ND161,clupea_harengus,NE-ATL,Røvær,UNKNOWN,1881,5.108007,59.4392627,current,0.946490,rovaer_1,sillperioder,yes
ND162,clupea_harengus,NE-ATL,Røvær,UNKNOWN,1881,5.108007,59.4392627,current,NA,NA,NA,no
ND163,clupea_harengus,NE-ATL,Bergen,UNKNOWN,UNKNOWN,5.1050624,60.4102617,current,0.893474,bergen_1,historical,yes
ND164,clupea_harengus,NE-ATL,Bergen,UNKNOWN,UNKNOWN,5.1050624,60.4102617,current,0.419199,bergen_2,historical,yes
ND165,clupea_harengus,NE-ATL,Bergen,UNKNOWN,UNKNOWN,5.1050624,60.4102617,current,12.235670,bergen_3,historical,yes
ND166,clupea_harengus,NE-ATL,Bergen,UNKNOWN,UNKNOWN,5.1050624,60.4102617,current,3.399876,bergen_4,historical,yes
ND167,clupea_harengus,NE-ATL,Bergen,UNKNOWN,UNKNOWN,5.1050624,60.4102617,current,2.399473,bergen_5,historical,yes
ND168,clupea_harengus,UNKNOWN,Unknown1,UNKNOWN,UNKNOWN,8.06712,60.33619,current,5.224083,unknown_1,historical,yes
ND169,clupea_harengus,UNKNOWN,Unknown1,UNKNOWN,1870,8.06712,60.33619,current,53.309487,unknown_2,historical,yes
ND170,clupea_harengus,UNKNOWN,Unknown1,UNKNOWN,1870,8.06712,60.33619,current,4.988438,unknown_3,historical,yes
ND171,clupea_harengus,UNKNOWN,Unknown1,UNKNOWN,1870,8.06712,60.33619,current,10.768187,unknown_4,historical,yes
ND172,clupea_harengus,TRANS,Søndre_Distrikt,UNKNOWN,1880,10.7493987,59.8368146,current,NA,NA,NA,no
ND173,clupea_harengus,TRANS,Søndre_Distrikt,UNKNOWN,1880,10.7493987,59.8368146,current,NA,NA,NA,no
ND175,clupea_harengus,TRANS,Søndre_Distrikt,UNKNOWN,1880,10.7493987,59.8368146,current,NA,NA,NA,no
ND176,clupea_harengus,TRANS,Søndre_Distrikt,UNKNOWN,1880,10.7493987,59.8368146,current,NA,NA,NA,no
ND177,clupea_harengus,TRANS,Søndre_Distrikt,UNKNOWN,1880,10.7493987,59.8368146,current,NA,NA,NA,no
ND178,clupea_harengus,NE-ATL,Stavanger,UNKNOWN,1880,5.5573408,59.0011071,current,3.125150,stavanger_1,sillperioder,yes
ND179,clupea_harengus,NE-ATL,Stavanger,UNKNOWN,1880,5.5573408,59.0011071,current,NA,NA,NA,no
ND180,clupea_harengus,NE-ATL,Stavanger,UNKNOWN,1880,5.5573408,59.0011071,current,3.850708,stavanger_2,sillperioder,yes
ND181,clupea_harengus,NE-ATL,Stavanger,UNKNOWN,1880,5.5573408,59.0011071,current,NA,NA,NA,no
ND182,clupea_harengus,NE-ATL,Stavanger,UNKNOWN,1880,5.5573408,59.0011071,current,2.319303,stavanger_3,sillperioder,yes
ND183,clupea_harengus,NE-ATL,Stavanger,UNKNOWN,1880,5.5573408,59.0011071,current,4.694493,stavanger_4,sillperioder,yes
ND184,clupea_harengus,NE-ATL,Stavanger,UNKNOWN,1880,5.5573408,59.0011071,current,1.659477,stavanger_5,sillperioder,yes
ND185,clupea_harengus,NE-ATL,Stavanger,UNKNOWN,1880,5.5573408,59.0011071,current,NA,NA,NA,no
ND186,clupea_harengus,NE-ATL,Stavanger,UNKNOWN,1880,5.5573408,59.0011071,current,NA,NA,NA,no
ND187,clupea_harengus,NE-ATL,Stavanger,UNKNOWN,1880,5.5573408,59.0011071,current,2.069171,stavanger_6,sillperioder,yes
ND188,clupea_harengus,NE-ATL,Stavanger,UNKNOWN,1880,5.5573408,59.0011071,current,1.521517,stavanger_7,sillperioder,yes
ND189,clupea_harengus,NE-ATL,Stavanger,UNKNOWN,1880,5.5573408,59.0011071,current,NA,NA,NA,no
ND190,clupea_harengus,NE-ATL,Stavanger,UNKNOWN,1880,5.5573408,59.0011071,current,NA,NA,NA,no
ND191,clupea_harengus,NE-ATL,Stavanger,UNKNOWN,1880,5.5573408,59.0011071,current,NA,NA,NA,no
ND192,clupea_harengus,NE-ATL,Stavanger,UNKNOWN,1880,5.5573408,59.0011071,current,NA,NA,NA,no
ND193,clupea_harengus,NE-ATL,Stavanger,UNKNOWN,1880,5.5573408,59.0011071,current,NA,NA,NA,no
ND194,clupea_harengus,TRANS,Dynekilen,UNKNOWN,1874,11.2220227,59.0076925,current,NA,NA,NA,no
ND195,clupea_harengus,TRANS,Dynekilen,UNKNOWN,1874,11.2220227,59.0076925,current,13.210142,dynekilen_1,historical,yes
ND196,clupea_harengus,TRANS,Dynekilen,UNKNOWN,1874,11.2220227,59.0076925,current,6.774398,dynekilen_2,historical,yes
ND197,clupea_harengus,TRANS,Dynekilen,UNKNOWN,1874,11.2220227,59.0076925,current,7.155955,dynekilen_3,historical,yes
ND198,clupea_harengus,TRANS,Dynekilen,UNKNOWN,1874,11.2220227,59.0076925,current,13.315105,dynekilen_4,historical,yes
ND199,clupea_harengus,TRANS,Dynekilen,UNKNOWN,1874,11.2220227,59.0076925,current,2.833391,dynekilen_5,historical,yes
ND200,clupea_harengus,TRANS,Dynekilen,UNKNOWN,1874,11.2220227,59.0076925,current,3.818207,dynekilen_6,historical,yes
ND201,clupea_harengus,TRANS,Dynekilen,UNKNOWN,1874,11.2220227,59.0076925,current,3.016867,dynekilen_7,historical,yes
ND202,clupea_harengus,TRANS,Dynekilen,UNKNOWN,1874,11.2220227,59.0076925,current,4.868981,dynekilen_8,historical,yes
ND203,clupea_harengus,TRANS,Dynekilen,UNKNOWN,1874,11.2220227,59.0076925,current,3.095841,dynekilen_9,historical,yes
ND204,clupea_harengus,TRANS,Dynekilen,UNKNOWN,1874,11.2220227,59.0076925,current,3.105283,dynekilen_10,historical,yes
ND205,clupea_harengus,TRANS,Dynekilen,UNKNOWN,1874,11.2220227,59.0076925,current,5.159346,dynekilen_11,historical,yes
ND206,clupea_harengus,TRANS,Dynekilen,UNKNOWN,1874,11.2220227,59.0076925,current,2.764908,dynekilen_12,historical,yes
ND207,clupea_harengus,BALTIC,Skägga_Island,UNKNOWN,1881,18.433333,59.416667,current,NA,NA,NA,no
ND208,clupea_harengus,BALTIC,Skägga_Island,UNKNOWN,1881,18.433333,59.416667,current,NA,NA,NA,no
ND209,clupea_harengus,BALTIC,Skägga_Island,UNKNOWN,1881,18.433333,59.416667,current,NA,NA,NA,no
ND210,clupea_harengus,BALTIC,Skägga_Island,UNKNOWN,1881,18.433333,59.416667,current,NA,NA,NA,no
ND211,clupea_harengus,BALTIC,Skägga_Island,UNKNOWN,1881,18.433333,59.416667,current,NA,NA,NA,no
ND212,clupea_harengus,BALTIC,Skägga_Island,UNKNOWN,1881,18.433333,59.416667,current,NA,NA,NA,no
ND213,clupea_harengus,BALTIC,Skägga_Island,UNKNOWN,1881,18.433333,59.416667,current,NA,NA,NA,no
ND214,clupea_harengus,BALTIC,Skägga_Island,UNKNOWN,1881,18.433333,59.416667,current,NA,NA,NA,no
ND215,clupea_harengus,BALTIC,Skägga_Island,UNKNOWN,1881,18.433333,59.416667,current,NA,NA,NA,no
ND216,clupea_harengus,BALTIC,Skägga_Island,UNKNOWN,1881,18.433333,59.416667,current,NA,NA,NA,no
ND217,clupea_harengus,BALTIC,Skägga_Island,UNKNOWN,1881,18.433333,59.416667,current,NA,NA,NA,no
ND218,clupea_harengus,BALTIC,Skägga_Island,UNKNOWN,1881,18.433333,59.416667,current,NA,NA,NA,no
ND219,clupea_harengus,TRANS,Mölle,UNKNOWN,1882,12.5021241,56.2821904,current,NA,NA,NA,no
ND220,clupea_harengus,TRANS,Mölle,UNKNOWN,1882,12.5021241,56.2821904,current,NA,NA,NA,no
ND221,clupea_harengus,TRANS,Mölle,UNKNOWN,1882,12.5021241,56.2821904,current,NA,NA,NA,no
ND222,clupea_harengus,TRANS,Mölle,UNKNOWN,1882,12.5021241,56.2821904,current,NA,NA,NA,no
ND223,clupea_harengus,TRANS,Mölle,UNKNOWN,1882,12.5021241,56.2821904,current,NA,NA,NA,no
ND224,clupea_harengus,TRANS,Mölle,UNKNOWN,1882,12.5021241,56.2821904,current,NA,NA,NA,no
ND225,clupea_harengus,TRANS,Mölle,UNKNOWN,1882,12.5021241,56.2821904,current,NA,NA,NA,no
ND226,clupea_harengus,TRANS,Mölle,UNKNOWN,1882,12.5021241,56.2821904,current,NA,NA,NA,no
ND227,clupea_harengus,TRANS,Mölle,UNKNOWN,1882,12.5021241,56.2821904,current,NA,NA,NA,no
ND228,clupea_harengus,TRANS,Mölle,UNKNOWN,1882,12.5021241,56.2821904,current,NA,NA,NA,no
ND229,clupea_harengus,TRANS,Malmö__Flintrännan,UNKNOWN,1880,12.8143658,55.5667338,current,NA,NA,NA,no
ND230,clupea_harengus,TRANS,Malmö__Flintrännan,UNKNOWN,1880,12.8143658,55.5667338,current,NA,NA,NA,no
ND231,clupea_harengus,TRANS,Malmö__Flintrännan,UNKNOWN,1880,12.8143658,55.5667338,current,NA,NA,NA,no
ND232,clupea_harengus,TRANS,Malmö__Flintrännan,UNKNOWN,1880,12.8143658,55.5667338,current,NA,NA,NA,no
ND233,clupea_harengus,TRANS,Malmö__Flintrännan,UNKNOWN,1880,12.8143658,55.5667338,current,NA,NA,NA,no
ND234,clupea_harengus,TRANS,Malmö__Flintrännan,UNKNOWN,1880,12.8143658,55.5667338,current,NA,NA,NA,no
ND235,clupea_harengus,TRANS,Malmö__Flintrännan,UNKNOWN,1880,12.8143658,55.5667338,current,NA,NA,NA,no
ND236,clupea_harengus,TRANS,Malmö__Flintrännan,UNKNOWN,1880,12.8143658,55.5667338,current,NA,NA,NA,no
ND237,clupea_harengus,TRANS,Malmö__Flintrännan,UNKNOWN,1880,12.8143658,55.5667338,current,NA,NA,NA,no
ND238,clupea_harengus,TRANS,Malmö__Flintrännan,UNKNOWN,1880,12.8143658,55.5667338,current,NA,NA,NA,no
ND239,clupea_harengus,BALTIC,Ystad,UNKNOWN,1883,13.8200308,55.4295051,current,NA,NA,NA,no
ND240,clupea_harengus,BALTIC,Ystad,UNKNOWN,1883,13.8200308,55.4295051,current,NA,NA,NA,no
ND241,clupea_harengus,BALTIC,Ystad,UNKNOWN,1883,13.8200308,55.4295051,current,NA,NA,NA,no
ND242,clupea_harengus,BALTIC,Ystad,UNKNOWN,1883,13.8200308,55.4295051,current,NA,NA,NA,no
ND243,clupea_harengus,BALTIC,Ystad,UNKNOWN,1883,13.8200308,55.4295051,current,NA,NA,NA,no
ND244,clupea_harengus,BALTIC,Ystad,UNKNOWN,1883,13.8200308,55.4295051,current,NA,NA,NA,no
ND245,clupea_harengus,BALTIC,Ystad,UNKNOWN,1883,13.8200308,55.4295051,current,NA,NA,NA,no
ND246,clupea_harengus,BALTIC,Ystad,UNKNOWN,1883,13.8200308,55.4295051,current,NA,NA,NA,no
ND247,clupea_harengus,BALTIC,Ystad,UNKNOWN,1883,13.8200308,55.4295051,current,NA,NA,NA,no
ND248,clupea_harengus,BALTIC,Ystad,UNKNOWN,1883,13.8200308,55.4295051,current,NA,NA,NA,no
ND249,clupea_harengus,BALTIC,Simrishamn,UNKNOWN,1883,14.3681907,55.5647742,current,NA,NA,NA,no
ND250,clupea_harengus,BALTIC,Simrishamn,UNKNOWN,1883,14.3681907,55.5647742,current,NA,NA,NA,no
ND251,clupea_harengus,BALTIC,Simrishamn,UNKNOWN,1883,14.3681907,55.5647742,current,NA,NA,NA,no
ND252,clupea_harengus,BALTIC,Simrishamn,UNKNOWN,1883,14.3681907,55.5647742,current,NA,NA,NA,no
ND253,clupea_harengus,BALTIC,Simrishamn,UNKNOWN,1883,14.3681907,55.5647742,current,NA,NA,NA,no
ND254,clupea_harengus,BALTIC,Simrishamn,UNKNOWN,1883,14.3681907,55.5647742,current,NA,NA,NA,no
ND255,clupea_harengus,BALTIC,Simrishamn,UNKNOWN,1883,14.3681907,55.5647742,current,NA,NA,NA,no
ND256,clupea_harengus,BALTIC,Simrishamn,UNKNOWN,1883,14.3681907,55.5647742,current,NA,NA,NA,no
ND257,clupea_harengus,BALTIC,Simrishamn,UNKNOWN,1883,14.3681907,55.5647742,current,NA,NA,NA,no
ND258,clupea_harengus,BALTIC,Simrishamn,UNKNOWN,1883,14.3681907,55.5647742,current,NA,NA,NA,no
ND259,clupea_harengus,BALTIC,Off_Kivik,UNKNOWN,1893,14.2513117,55.6947149,current,NA,NA,NA,no
ND260,clupea_harengus,BALTIC,Off_Kivik,UNKNOWN,1893,14.2513117,55.6947149,current,NA,NA,NA,no
ND261,clupea_harengus,BALTIC,Off_Kivik,UNKNOWN,1893,14.2513117,55.6947149,current,NA,NA,NA,no
ND262,clupea_harengus,BALTIC,Off_Kivik,UNKNOWN,1893,14.2513117,55.6947149,current,NA,NA,NA,no
ND263,clupea_harengus,BALTIC,Off_Kivik,UNKNOWN,1893,14.2513117,55.6947149,current,NA,NA,NA,no
ND264,clupea_harengus,BALTIC,Off_Kivik,UNKNOWN,1893,14.2513117,55.6947149,current,NA,NA,NA,no
ND265,clupea_harengus,BALTIC,Off_Kivik,UNKNOWN,1893,14.2513117,55.6947149,current,NA,NA,NA,no
ND266,clupea_harengus,BALTIC,Off_Kivik,UNKNOWN,1893,14.2513117,55.6947149,current,NA,NA,NA,no
ND267,clupea_harengus,BALTIC,Off_Kivik,UNKNOWN,1893,14.2513117,55.6947149,current,NA,NA,NA,no
ND268,clupea_harengus,BALTIC,Off_Kivik,UNKNOWN,1893,14.2513117,55.6947149,current,NA,NA,NA,no
ND269,clupea_harengus,BALTIC,Värmdö__Gällnönäs_point,UNKNOWN,1881,18.7063951,59.3961038,current,NA,NA,NA,no
ND270,clupea_harengus,BALTIC,Värmdö__Gällnönäs_point,UNKNOWN,1881,18.7063951,59.3961038,current,NA,NA,NA,no
ND271,clupea_harengus,BALTIC,Värmdö__Gällnönäs_point,UNKNOWN,1881,18.7063951,59.3961038,current,NA,NA,NA,no
ND272,clupea_harengus,BALTIC,Värmdö__Gällnönäs_point,UNKNOWN,1881,18.7063951,59.3961038,current,NA,NA,NA,no
ND273,clupea_harengus,BALTIC,Värmdö__Gällnönäs_point,UNKNOWN,1881,18.7063951,59.3961038,current,NA,NA,NA,no
ND274,clupea_harengus,BALTIC,Värmdö__Gällnönäs_point,UNKNOWN,1881,18.7063951,59.3961038,current,NA,NA,NA,no
ND275,clupea_harengus,BALTIC,Värmdö__Gällnönäs_point,UNKNOWN,1881,18.7063951,59.3961038,current,NA,NA,NA,no
ND276,clupea_harengus,BALTIC,Värmdö__Gällnönäs_point,UNKNOWN,1881,18.7063951,59.3961038,current,NA,NA,NA,no
ND277,clupea_harengus,BALTIC,Värmdö__Gällnönäs_point,UNKNOWN,1881,18.7063951,59.3961038,current,NA,NA,NA,no
ND278,clupea_harengus,BALTIC,Värmdö__Gällnönäs_point,UNKNOWN,1881,18.7063951,59.3961038,current,NA,NA,NA,no
ND279,clupea_harengus,BALTIC,Värmdö__Gällnönäs_point,UNKNOWN,1881,18.7063951,59.3961038,current,NA,NA,NA,no
ND280,clupea_harengus,BALTIC,Värmdö__Gällnönäs_point,UNKNOWN,1881,18.7063951,59.3961038,current,NA,NA,NA,no
ND281,clupea_harengus,BALTIC,Värmdö__Gällnönäs_point,UNKNOWN,1881,18.7063951,59.3961038,current,NA,NA,NA,no
ND282,clupea_harengus,BALTIC,Värmdö__Gällnönäs_point,UNKNOWN,1881,18.7063951,59.3961038,current,NA,NA,NA,no
ND283,clupea_harengus,BALTIC,Värmdö__Gällnönäs_point,UNKNOWN,1881,18.7063951,59.3961038,current,NA,NA,NA,no
ND284,clupea_harengus,BALTIC,Värmdö__Sandö_strait,UNKNOWN,1881,18.8971997,59.2847803,current,NA,NA,NA,no
ND285,clupea_harengus,BALTIC,Värmdö__Sandö_strait,UNKNOWN,1881,18.8971997,59.2847803,current,NA,NA,NA,no
ND286,clupea_harengus,BALTIC,Värmdö__Sandö_strait,UNKNOWN,1881,18.8971997,59.2847803,current,NA,NA,NA,no
ND287,clupea_harengus,BALTIC,Värmdö__Sandö_strait,UNKNOWN,1881,18.8971997,59.2847803,current,NA,NA,NA,no
ND288,clupea_harengus,BALTIC,Värmdö__Sandö_strait,UNKNOWN,1881,18.8971997,59.2847803,current,NA,NA,NA,no
ND289,clupea_harengus,BALTIC,Värmdö__Sandö_strait,UNKNOWN,1881,18.8971997,59.2847803,current,NA,NA,NA,no
ND290,clupea_harengus,BALTIC,Värmdö__Sandö_strait,UNKNOWN,1881,18.8971997,59.2847803,current,NA,NA,NA,no
ND291,clupea_harengus,BALTIC,Värmdö__Sandö_strait,UNKNOWN,1881,18.8971997,59.2847803,current,NA,NA,NA,no
ND292,clupea_harengus,BALTIC,Värmdö__Sandö_strait,UNKNOWN,1881,18.8971997,59.2847803,current,NA,NA,NA,no
ND293,clupea_harengus,BALTIC,Värmdö__Sandö_strait,UNKNOWN,1881,18.8971997,59.2847803,current,NA,NA,NA,no
ND294,clupea_harengus,BALTIC,Gräsö,UNKNOWN,1851,18.464501,60.3477961,current,NA,NA,NA,no
ND295,clupea_harengus,BALTIC,Gräsö,UNKNOWN,1851,18.464501,60.3477961,current,NA,NA,NA,no
ND296,clupea_harengus,BALTIC,Gräsö,UNKNOWN,1851,18.464501,60.3477961,current,NA,NA,NA,no
ND297,clupea_harengus,BALTIC,Gräsö,UNKNOWN,1851,18.464501,60.3477961,current,NA,NA,NA,no
ND298,clupea_harengus,BALTIC,Gräsö,UNKNOWN,1851,18.464501,60.3477961,current,NA,NA,NA,no
ND299,clupea_harengus,BALTIC,Gräsö,UNKNOWN,1851,18.464501,60.3477961,current,NA,NA,NA,no
ND300,clupea_harengus,BALTIC,Gräsö,UNKNOWN,1851,18.464501,60.3477961,current,NA,NA,NA,no
ND301,clupea_harengus,BALTIC,Högsten,UNKNOWN,1874,18.6333333,60.3,current,NA,NA,NA,no
ND302,clupea_harengus,BALTIC,Högsten,UNKNOWN,1874,18.6333333,60.3,current,3.021670,hogsten_1,historical,no
ND303,clupea_harengus,BALTIC,Högsten,UNKNOWN,1874,18.6333333,60.3,current,NA,NA,NA,no
ND304,clupea_harengus,BALTIC,Högsten,UNKNOWN,1874,18.6333333,60.3,current,2.448614,hogsten_2,historical,no
ND305,clupea_harengus,BALTIC,Högsten,UNKNOWN,1874,18.6333333,60.3,current,3.279885,hogsten_3,historical,no
ND306,clupea_harengus,BALTIC,Högsten,UNKNOWN,1874,18.6333333,60.3,current,1.475403,hogsten_4,historical,no
ND307,clupea_harengus,BALTIC,Högsten,UNKNOWN,1874,18.6333333,60.3,current,2.566025,hogsten_5,historical,no
ND308,clupea_harengus,BALTIC,Högsten,UNKNOWN,1874,18.6333333,60.3,current,2.748911,hogsten_6,historical,no
ND309,clupea_harengus,BALTIC,Högsten,UNKNOWN,1874,18.6333333,60.3,current,2.518423,hogsten_7,historical,no
ND310,clupea_harengus,BALTIC,Högsten,UNKNOWN,1874,18.6333333,60.3,current,NA,NA,NA,no
ND311,clupea_harengus,BALTIC,Umeå_archipelago,UNKNOWN,1864,20.3354569,63.7269372,current,4.225351,umea_1,historical,no
ND312,clupea_harengus,BALTIC,Umeå_archipelago,UNKNOWN,1864,20.3354569,63.7269372,current,3.700396,umea_2,historical,no
ND313,clupea_harengus,BALTIC,Umeå_archipelago,UNKNOWN,1864,20.3354569,63.7269372,current,2.788728,umea_3,historical,no
ND314,clupea_harengus,BALTIC,Umeå_archipelago,UNKNOWN,1864,20.3354569,63.7269372,current,13.044999,umea_4,historical,no
ND315,clupea_harengus,BALTIC,Umeå_archipelago,UNKNOWN,1864,20.3354569,63.7269372,current,4.387748,umea_5,historical,no
ND316,clupea_harengus,BALTIC,Umeå_archipelago,UNKNOWN,1864,20.3354569,63.7269372,current,2.343272,umea_6,historical,no
ND317,clupea_harengus,BALTIC,Umeå_archipelago,UNKNOWN,1864,20.3354569,63.7269372,current,3.245942,umea_7,historical,no
ND318,clupea_harengus,NE-ATL,Stavanger,UNKNOWN,1872,5.5573408,59.0011071,current,NA,NA,NA,no
ND319,clupea_harengus,NE-ATL,Stavanger,UNKNOWN,1872,5.5573408,59.0011071,current,14.939400,stavanger_8,historical,yes
ND320,clupea_harengus,NE-ATL,Stavanger,UNKNOWN,1872,5.5573408,59.0011071,current,4.347158,stavanger_9,historical,yes
ND321,clupea_harengus,NE-ATL,Stavanger,UNKNOWN,1872,5.5573408,59.0011071,current,5.929909,stavanger_10,historical,yes
ND322,clupea_harengus,NE-ATL,Haugesund,UNKNOWN,1873,5.246043,59.4257685,current,4.873849,haugesund_4,historical,yes
ND323,clupea_harengus,NE-ATL,Haugesund,UNKNOWN,1873,5.246043,59.4257685,current,5.760484,haugesund_5,historical,yes
ND324,clupea_harengus,NE-ATL,Foldfjorden,UNKNOWN,1875,8.3968739,63.2619041,current,3.012860,foldfjorden_1,historical,yes
ND325,clupea_harengus,NE-ATL,Foldfjorden,UNKNOWN,1875,8.3968739,63.2619041,current,1.403965,foldfjorden_2,historical,yes
ND326,clupea_harengus,NE-ATL,Foldfjorden,UNKNOWN,1875,8.3968739,63.2619041,current,2.771318,foldfjorden_3,historical,yes
ND327,clupea_harengus,NE-ATL,Foldfjorden,UNKNOWN,1875,8.3968739,63.2619041,current,NA,NA,NA,no
ND328,clupea_harengus,NE-ATL,Foldfjorden,UNKNOWN,1875,8.3968739,63.2619041,current,3.126568,foldfjorden_4,historical,yes
ND329,clupea_harengus,NE-ATL,Foldfjorden,UNKNOWN,1875,8.3968739,63.2619041,current,5.609270,foldfjorden_5,historical,yes
ND330,clupea_harengus,NE-ATL,Foldfjorden,UNKNOWN,1875,8.3968739,63.2619041,current,3.904485,foldfjorden_6,historical,yes
ND331,clupea_harengus,NE-ATL,Foldfjorden,UNKNOWN,1875,8.3968739,63.2619041,current,3.410415,foldfjorden_7,historical,yes
ND332,clupea_harengus,NE-ATL,Foldfjorden,UNKNOWN,1875,8.3968739,63.2619041,current,4.395413,foldfjorden_8,historical,yes
ND333,clupea_harengus,NE-ATL,Foldfjorden,UNKNOWN,1875,8.3968739,63.2619041,current,3.605817,foldfjorden_9,historical,yes
ND334,clupea_harengus,NE-ATL,Foldfjorden,UNKNOWN,1875,8.3968739,63.2619041,current,1.907291,foldfjorden_10,historical,yes
ND335,clupea_harengus,NE-ATL,Foldfjorden,UNKNOWN,1875,8.3968739,63.2619041,current,3.705004,foldfjorden_11,historical,yes
ND336,clupea_harengus,NE-ATL,Foldfjorden,UNKNOWN,1875,8.3968739,63.2619041,current,2.769064,foldfjorden_12,historical,yes
ND337,clupea_harengus,NE-ATL,Foldfjorden,UNKNOWN,1875,8.3968739,63.2619041,current,4.599967,foldfjorden_13,historical,yes
ND338,clupea_harengus,NE-ATL,Foldfjorden,UNKNOWN,1875,8.3968739,63.2619041,current,NA,NA,NA,no
ND339,clupea_harengus,NE-ATL,Foldfjorden,UNKNOWN,1875,8.3968739,63.2619041,current,NA,NA,NA,no
ND340,clupea_harengus,NE-ATL,Foldfjorden,UNKNOWN,1875,8.3968739,63.2619041,current,NA,NA,NA,no
ND341,clupea_harengus,NE-ATL,Foldfjorden,UNKNOWN,1875,8.3968739,63.2619041,current,NA,NA,NA,no
ND342,clupea_harengus,NE-ATL,Foldfjorden,UNKNOWN,1875,8.3968739,63.2619041,current,3.298801,foldfjorden_14,historical,yes
ND343,clupea_harengus,NE-ATL,Foldfjorden,UNKNOWN,1875,8.3968739,63.2619041,current,2.974838,foldfjorden_15,historical,yes
ND345,clupea_harengus,NE-ATL,Vasa_Ship,UNKNOWN,1628,18.09139,59.32802,current,NA,NA,NA,no
ND346,clupea_harengus,NE-ATL,Vasa_Ship,UNKNOWN,1628,18.09139,59.32802,current,NA,NA,NA,no
ND347,clupea_harengus,NE-ATL,Vasa_Ship,UNKNOWN,1628,18.09139,59.32802,current,NA,NA,NA,no
ND348,clupea_harengus,NE-ATL,Vasa_Ship,UNKNOWN,1628,18.09139,59.32802,current,NA,NA,NA,no
ND349,clupea_harengus,NE-ATL,Vasa_Ship,UNKNOWN,1628,18.09139,59.32802,current,NA,NA,NA,no
ND350,clupea_harengus,NE-ATL,Vasa_Ship,UNKNOWN,1628,18.09139,59.32802,current,NA,NA,NA,no
ND351,clupea_harengus,NE-ATL,Vasa_Ship,UNKNOWN,1628,18.09139,59.32802,current,NA,NA,NA,no
ND352,clupea_harengus,NE-ATL,Vasa_Ship,UNKNOWN,1628,18.09139,59.32802,current,NA,NA,NA,no
ND353,clupea_harengus,NE-ATL,Vasa_Ship,UNKNOWN,1628,18.09139,59.32802,current,NA,NA,NA,no
ND354,clupea_harengus,NE-ATL,Vasa_Ship,UNKNOWN,1628,18.09139,59.32802,current,NA,NA,NA,no
ND355,clupea_harengus,NE-ATL,Vasa_Ship,UNKNOWN,1628,18.09139,59.32802,current,NA,NA,NA,no
ND356,clupea_harengus,NE-ATL,Vasa_Ship,UNKNOWN,1628,18.09139,59.32802,current,NA,NA,NA,no
ND357,clupea_harengus,NE-ATL,Vasa_Ship,UNKNOWN,1628,18.09139,59.32802,current,NA,NA,NA,no
ND358,clupea_harengus,NE-ATL,Vasa_Ship,UNKNOWN,1628,18.09139,59.32802,current,NA,NA,NA,no
ND359,clupea_harengus,NE-ATL,Vasa_Ship,UNKNOWN,1628,18.09139,59.32802,current,NA,NA,NA,no
ND360,clupea_harengus,NE-ATL,Vasa_Ship,UNKNOWN,1628,18.09139,59.32802,current,NA,NA,NA,no
ND361,clupea_harengus,NE-ATL,Vasa_Ship,UNKNOWN,1628,18.09139,59.32802,current,NA,NA,NA,no
ND362,clupea_harengus,NE-ATL,Vasa_Ship,UNKNOWN,1628,18.09139,59.32802,current,NA,NA,NA,no
ND363,clupea_harengus,NE-ATL,Vasa_Ship,UNKNOWN,1628,18.09139,59.32802,current,NA,NA,NA,no
ND364,clupea_harengus,BALTIC,Vasa_Ship,UNKNOWN,1628,18.09139,59.32802,current,0.435564,vasa_1,historical,no
ND365,clupea_harengus,BALTIC,Vasa_Ship,UNKNOWN,1628,18.09139,59.32802,current,0.864319,vasa_2,historical,no
ND366,clupea_harengus,NE-ATL,Vasa_Ship,UNKNOWN,1628,18.09139,59.32802,current,NA,NA,NA,no
ND367,clupea_harengus,NE-ATL,Vasa_Ship,UNKNOWN,1628,18.09139,59.32802,current,NA,NA,NA,no
ND368,clupea_harengus,NE-ATL,Vasa_Ship,UNKNOWN,1628,18.09139,59.32802,current,NA,NA,NA,no
ND369,clupea_harengus,NE-ATL,Vasa_Ship,UNKNOWN,1628,18.09139,59.32802,current,NA,NA,NA,no
ND370,clupea_harengus,NE-ATL,Vasa_Ship,UNKNOWN,1628,18.09139,59.32802,current,NA,NA,NA,no
ND371,clupea_harengus,NE-ATL,Vasa_Ship,UNKNOWN,1628,18.09139,59.32802,current,NA,NA,NA,no
ND372,clupea_harengus,NE-ATL,Vasa_Ship,UNKNOWN,1628,18.09139,59.32802,current,NA,NA,NA,no
ND373,clupea_harengus,NE-ATL,Vasa_Ship,UNKNOWN,1628,18.09139,59.32802,current,NA,NA,NA,no
ND374,clupea_harengus,BALTIC,Vasa_Ship,UNKNOWN,1628,18.09139,59.32802,current,1.149998,vasa_3,historical,no
ND375,clupea_harengus,BALTIC,Vasa_Ship,UNKNOWN,1628,18.09139,59.32802,current,1.186265,vasa_4,historical,no
ND376,clupea_harengus,NE-ATL,Vasa_Ship,UNKNOWN,1628,18.09139,59.32802,current,NA,NA,NA,no
ND377,clupea_harengus,NE-ATL,Vasa_Ship,UNKNOWN,1628,18.09139,59.32802,current,NA,NA,NA,no
ND378,clupea_harengus,NE-ATL,Vasa_Ship,UNKNOWN,1628,18.09139,59.32802,current,NA,NA,NA,no
ND379,clupea_harengus,NE-ATL,Vasa_Ship,UNKNOWN,1628,18.09139,59.32802,current,NA,NA,NA,no
ND380,clupea_harengus,NE-ATL,Vasa_Ship,UNKNOWN,1628,18.09139,59.32802,current,NA,NA,NA,no
ND381,clupea_harengus,NE-ATL,Vasa_Ship,UNKNOWN,1628,18.09139,59.32802,current,NA,NA,NA,no
ND382,clupea_harengus,NE-ATL,Vasa_Ship,UNKNOWN,1628,18.09139,59.32802,current,NA,NA,NA,no
ND383,clupea_harengus,NE-ATL,Vasa_Ship,UNKNOWN,1628,18.09139,59.32802,current,NA,NA,NA,no
ND384,clupea_harengus,NE-ATL,Vasa_Ship,UNKNOWN,1628,18.09139,59.32802,current,NA,NA,NA,no
ND385,clupea_harengus,NE-ATL,Vasa_Ship,UNKNOWN,1628,18.09139,59.32802,current,NA,NA,NA,no
ND386,clupea_harengus,NE-ATL,Vasa_Ship,UNKNOWN,1628,18.09139,59.32802,current,NA,NA,NA,no
ND387,clupea_harengus,BALTIC,Vasa_Ship,UNKNOWN,1628,18.09139,59.32802,current,0.623124,vasa_5,historical,no
ND388,clupea_harengus,NE-ATL,Vasa_Ship,UNKNOWN,1628,18.09139,59.32802,current,NA,NA,NA,no
ND389,clupea_harengus,NE-ATL,Vasa_Ship,UNKNOWN,1628,18.09139,59.32802,current,NA,NA,NA,no
ND390,clupea_harengus,NE-ATL,Vasa_Ship,UNKNOWN,1628,18.09139,59.32802,current,NA,NA,NA,no
ND391,clupea_harengus,TRANS,Kämpinge/Höllviken,UNKNOWN,1300,12.960312,55.4077007,current,4.585577,kampinge_1,historical,no
ND392,clupea_harengus,TRANS,Kämpinge/Höllviken,UNKNOWN,1300,12.960312,55.4077007,current,5.972039,kampinge_2,historical,no
ND393,clupea_harengus,TRANS,Kämpinge/Höllviken,UNKNOWN,1300,12.960312,55.4077007,current,2.951368,kampinge_3,historical,no
ND394,clupea_harengus,TRANS,Kämpinge/Höllviken,UNKNOWN,1300,12.960312,55.4077007,current,2.764281,kampinge_4,historical,no
ND395,clupea_harengus,TRANS,Kämpinge/Höllviken,UNKNOWN,1300,12.960312,55.4077007,current,2.992453,kampinge_5,historical,no
ND396,clupea_harengus,TRANS,Kämpinge/Höllviken,UNKNOWN,1300,12.960312,55.4077007,current,2.631627,kampinge_6,historical,no
ND397,clupea_harengus,TRANS,Kämpinge/Höllviken,UNKNOWN,1300,12.960312,55.4077007,current,3.027960,kampinge_7,historical,no
ND398,clupea_harengus,TRANS,Kämpinge/Höllviken,UNKNOWN,1300,12.960312,55.4077007,current,2.653681,kampinge_8,historical,no
ND399,clupea_harengus,TRANS,Kämpinge/Höllviken,UNKNOWN,1300,12.960312,55.4077007,current,2.700212,kampinge_9,historical,no
ND400,clupea_harengus,TRANS,Kämpinge/Höllviken,UNKNOWN,1300,12.960312,55.4077007,current,2.356012,kampinge_10,historical,no
ND401,clupea_harengus,TRANS,Kämpinge/Höllviken,UNKNOWN,1300,12.960312,55.4077007,current,5.654485,kampinge_11,historical,no
ND402,clupea_harengus,TRANS,Kämpinge/Höllviken,UNKNOWN,1300,12.960312,55.4077007,current,3.419174,kampinge_12,historical,no
ND403,clupea_harengus,TRANS,Kämpinge/Höllviken,UNKNOWN,1300,12.960312,55.4077007,current,2.408107,kampinge_13,historical,no
ND404,clupea_harengus,TRANS,Kämpinge/Höllviken,UNKNOWN,1300,12.960312,55.4077007,current,4.327760,kampinge_14,historical,no
ND405,clupea_harengus,TRANS,Kämpinge/Höllviken,UNKNOWN,1300,12.960312,55.4077007,current,3.875688,kampinge_15,historical,no
ND406,clupea_harengus,TRANS,Kämpinge/Höllviken,UNKNOWN,1300,12.960312,55.4077007,current,NA,NA,NA,no
ND407,clupea_harengus,TRANS,Kämpinge/Höllviken,UNKNOWN,1300,12.960312,55.4077007,current,3.007336,kampinge_16,historical,no
ND408,clupea_harengus,TRANS,Kämpinge/Höllviken,UNKNOWN,1300,12.960312,55.4077007,current,4.576942,kampinge_17,historical,no
ND409,clupea_harengus,TRANS,Knästorp,UNKNOWN,600,13.2011789,55.6677718,current,1.489740,knastorp_1,historical,no
ND410,clupea_harengus,TRANS,Knästorp,UNKNOWN,600,13.2011789,55.6677718,current,2.805773,knastorp_2,historical,no
ND411,clupea_harengus,TRANS,Knästorp,UNKNOWN,600,13.2011789,55.6677718,current,2.467269,knastorp_3,historical,no
ND412,clupea_harengus,TRANS,Knästorp,UNKNOWN,600,13.2011789,55.6677718,current,NA,NA,NA,no
ND413,clupea_harengus,TRANS,Knästorp,UNKNOWN,600,13.2011789,55.6677718,current,NA,NA,NA,no
ND414,clupea_harengus,TRANS,Knästorp,UNKNOWN,600,13.2011789,55.6677718,current,1.974520,knastorp_4,historical,no
ND415,clupea_harengus,TRANS,Knästorp,UNKNOWN,600,13.2011789,55.6677718,current,1.942060,knastorp_5,historical,no
ND416,clupea_harengus,TRANS,Knästorp,UNKNOWN,600,13.2011789,55.6677718,current,NA,NA,NA,no
ND417,clupea_harengus,TRANS,Knästorp,UNKNOWN,600,13.2011789,55.6677718,current,1.798625,knastorp_6,historical,no
ND418,clupea_harengus,TRANS,Knästorp,UNKNOWN,600,13.2011789,55.6677718,current,2.213952,knastorp_7,historical,no
ND419,clupea_harengus,TRANS,Nya_Lödöse,UNKNOWN,1500,12.1562058,58.0327409,current,NA,NA,NA,no
ND420,clupea_harengus,TRANS,Nya_Lödöse,UNKNOWN,1500,12.1562058,58.0327409,current,NA,NA,NA,no
ND421,clupea_harengus,TRANS,Nya_Lödöse,UNKNOWN,1500,12.1562058,58.0327409,current,NA,NA,NA,no
ND422,clupea_harengus,TRANS,Nya_Lödöse,UNKNOWN,1500,12.1562058,58.0327409,current,NA,NA,NA,no
ND423,clupea_harengus,TRANS,Nya_Lödöse,UNKNOWN,1500,12.1562058,58.0327409,current,NA,NA,NA,no
ND424,clupea_harengus,TRANS,Nya_Lödöse,UNKNOWN,1500,12.1562058,58.0327409,current,NA,NA,NA,no
ND425,clupea_harengus,TRANS,Nya_Lödöse,UNKNOWN,1500,12.1562058,58.0327409,current,NA,NA,NA,no
ND426,clupea_harengus,TRANS,Nya_Lödöse,UNKNOWN,1500,12.1562058,58.0327409,current,NA,NA,NA,no
ND427,clupea_harengus,TRANS,Nya_Lödöse,UNKNOWN,1500,12.1562058,58.0327409,current,NA,NA,NA,no
ND428,clupea_harengus,TRANS,Nya_Lödöse,UNKNOWN,1500,12.1562058,58.0327409,current,NA,NA,NA,no
ND429,clupea_harengus,TRANS,Nya_Lödöse,UNKNOWN,1500,12.1562058,58.0327409,current,NA,NA,NA,no
ND430,clupea_harengus,TRANS,Nya_Lödöse,UNKNOWN,1500,12.1562058,58.0327409,current,NA,NA,NA,no
ND431,clupea_harengus,TRANS,Nya_Lödöse,UNKNOWN,1500,12.1562058,58.0327409,current,NA,NA,NA,no
ND432,clupea_harengus,TRANS,Nya_Lödöse,UNKNOWN,1500,12.1562058,58.0327409,current,NA,NA,NA,no
ND433,clupea_harengus,TRANS,Nya_Lödöse,UNKNOWN,1500,12.1562058,58.0327409,current,NA,NA,NA,no
ND434,clupea_harengus,TRANS,Nya_Lödöse,UNKNOWN,1500,12.1562058,58.0327409,current,NA,NA,NA,no
ND435,clupea_harengus,TRANS,Nya_Lödöse,UNKNOWN,1500,12.1562058,58.0327409,current,NA,NA,NA,no
ND436,clupea_harengus,TRANS,Nya_Lödöse,UNKNOWN,1500,12.1562058,58.0327409,current,NA,NA,NA,no
ND437,clupea_harengus,TRANS,Nya_Lödöse,UNKNOWN,1500,12.1562058,58.0327409,current,NA,NA,NA,no
ND438,clupea_harengus,TRANS,Nya_Lödöse,UNKNOWN,1500,12.1562058,58.0327409,current,NA,NA,NA,no
ND439,clupea_harengus,TRANS,Nya_Lödöse,UNKNOWN,1500,12.1562058,58.0327409,current,NA,NA,NA,no
ND440,clupea_harengus,TRANS,Nya_Lödöse,UNKNOWN,1500,12.1562058,58.0327409,current,2.685054,nyalodose_1,historical,yes
ND441,clupea_harengus,TRANS,Nya_Lödöse,UNKNOWN,1500,12.1562058,58.0327409,current,NA,NA,NA,no
ND442,clupea_harengus,TRANS,Masthugget,UNKNOWN,1740,11.9470565,57.6965823,current,NA,NA,NA,no
ND443,clupea_harengus,TRANS,Masthugget,UNKNOWN,1740,11.9470565,57.6965823,current,2.602089,masthugget_1,sillperioder,yes
ND444,clupea_harengus,TRANS,Masthugget,UNKNOWN,1740,11.9470565,57.6965823,current,NA,NA,NA,no
ND445,clupea_harengus,TRANS,Masthugget,UNKNOWN,1740,11.9470565,57.6965823,current,NA,NA,NA,no
ND446,clupea_harengus,TRANS,Masthugget,UNKNOWN,1740,11.9470565,57.6965823,current,NA,NA,NA,no
ND447,clupea_harengus,TRANS,Masthugget,UNKNOWN,1740,11.9470565,57.6965823,current,NA,NA,NA,no
ND448,clupea_harengus,TRANS,Masthugget,UNKNOWN,1740,11.9470565,57.6965823,current,4.608677,masthugget_2,sillperioder,yes
ND449,clupea_harengus,TRANS,Masthugget,UNKNOWN,1740,11.9470565,57.6965823,current,NA,NA,NA,no
ND450,clupea_harengus,TRANS,Masthugget,UNKNOWN,1740,11.9470565,57.6965823,current,2.894514,masthugget_3,sillperioder,yes
ND451,clupea_harengus,TRANS,Masthugget,UNKNOWN,1740,11.9470565,57.6965823,current,NA,NA,NA,no
ND452,clupea_harengus,TRANS,Masthugget,UNKNOWN,1740,11.9470565,57.6965823,current,NA,NA,NA,no
ND453,clupea_harengus,TRANS,Masthugget,UNKNOWN,1740,11.9470565,57.6965823,current,NA,NA,NA,no
ND454,clupea_harengus,TRANS,Masthugget,UNKNOWN,1740,11.9470565,57.6965823,current,2.438992,masthugget_4,sillperioder,yes
ND455,clupea_harengus,TRANS,Masthugget,UNKNOWN,1740,11.9470565,57.6965823,current,6.682945,masthugget_5,sillperioder,yes
ND456,clupea_harengus,TRANS,Masthugget,UNKNOWN,1740,11.9470565,57.6965823,current,6.440118,masthugget_6,sillperioder,yes
ND457,clupea_harengus,NE-ATL,St._Andrews__West_Coast_of_Scotland,UNKNOWN,1889,-2.7967214,56.3397753,current,NA,NA,NA,no
ND458,clupea_harengus,NE-ATL,St._Andrews__West_Coast_of_Scotland,UNKNOWN,UNKNOWN,-2.7967214,56.3397753,current,NA,NA,NA,no
ND458x,clupea_harengus,NE-ATL,St._Andrews__West_Coast_of_Scotland,UNKNOWN,UNKNOWN,-2.7967214,56.3397753,current,NA,NA,NA,no
ND459,clupea_harengus,UNKNOWN,Norway_unknown,UNKNOWN,1883,9.6931,61.86495,current,7.637632,norway_1,sillperioder,yes
ND460,clupea_harengus,UNKNOWN,Norway_unknown,UNKNOWN,1883,9.6931,61.86495,current,9.412157,norway_2,sillperioder,yes
ND461,clupea_harengus,UNKNOWN,Norway_unknown,UNKNOWN,1882,9.6931,61.86495,current,1.404291,norway_3,sillperioder,yes
ND463,clupea_harengus,UNKNOWN,Norway_unknown,UNKNOWN,1883,9.6931,61.86495,current,12.842253,norway_4,sillperioder,yes
ND464,clupea_harengus,TRANS,Masthugget,UNKNOWN,1740,11.9470565,57.6965823,current,2.314271,masthugget_7,sillperioder,yes
ND465,clupea_harengus,TRANS,Masthugget,UNKNOWN,1740,11.9470565,57.6965823,current,NA,NA,NA,no
ND466,clupea_harengus,TRANS,Masthugget,UNKNOWN,1740,11.9470565,57.6965823,current,NA,NA,NA,no
ND467,clupea_harengus,TRANS,Masthugget,UNKNOWN,1740,11.9470565,57.6965823,current,3.042388,masthugget_8,sillperioder,yes
ND468,clupea_harengus,TRANS,Masthugget,UNKNOWN,1740,11.9470565,57.6965823,current,NA,NA,NA,no
NorthSea13,clupea_harengus,NE-ATL,NorthSea,autumn,1979,6.166666666666670,58.1,Han_2020,16.585388,northsea_18,modern,yes
NorthSea19,clupea_harengus,NE-ATL,NorthSea,autumn,1979,6.166666666666670,58.1,Han_2020,17.174773,northsea_19,modern,yes
NorthSea34,clupea_harengus,NE-ATL,NorthSea,autumn,1979,6.166666666666670,58.1,Han_2020,17.043564,northsea_20,modern,yes
NS1,clupea_harengus,NE-ATL,NorthSea,autumn,2014,6.166666666666670,58.1,Lamichhaney_2017,0.102607,northsea_21,modern,no
NS2,clupea_harengus,NE-ATL,NorthSea,autumn,2014,6.166666666666670,58.1,Lamichhaney_2017,0.062559,northsea_22,modern,no
NS3,clupea_harengus,NE-ATL,NorthSea,autumn,2014,6.166666666666670,58.1,Lamichhaney_2017,0.040247,northsea_23,modern,no
NsFA,clupea_harengus,NW-ATL,Canada(Northumberland Strait),autumn,2014,-62.6,45.733333333333300,Lamichhaney_2017,0.217200,northumberland_1,modern,no
NsFB,clupea_harengus,NW-ATL,Canada(Northumberland Strait),autumn,2014,-62.6,45.733333333333300,Lamichhaney_2017,0.019399,northumberland_2,modern,no
NsSA,clupea_harengus,NW-ATL,Canada(Northumberland Strait),spring,2014,-64.15,46.31666666666670,Lamichhaney_2017,0.061869,northumberland_3,modern,no
NsSB,clupea_harengus,NW-ATL,Canada(Northumberland Strait),spring,2014,-64.15,46.31666666666670,Lamichhaney_2017,0.020538,northumberland_4,modern,no
NSSH33,clupea_harengus,NE-ATL,NorwegianSea,spring,2017,9.78333,67.76666,Han_2020,9.715846,norwegian_38,modern,yes
NSSH34,clupea_harengus,NE-ATL,NorwegianSea,spring,2017,9.78333,67.76666,Han_2020,12.091132,norwegian_39,modern,yes
NSSH36,clupea_harengus,NE-ATL,NorwegianSea,spring,2017,9.78333,67.76666,Han_2020,9.768813,norwegian_40,modern,yes
Pacific16,clupea_pallasii,E-PACIFIC,Pacific_BC,NA,2012,-123.87275,49.35685,Han_2020,42.296821,britishcolumbia_1,modern,no
Pacific3,clupea_pallasii,E-PACIFIC,Pacific_BC,NA,2012,-123.87272,49.35685,Han_2020,35.619914,britishcolumbia_2,modern,no
Pacific30,clupea_pallasii,E-PACIFIC,Pacific_BC,NA,2012,-123.87269,49.35685,Han_2020,18.928262,britishcolumbia_3,modern,no
Pacific35,clupea_pallasii,E-PACIFIC,Pacific_BC,NA,2012,-123.87266,49.35685,Han_2020,34.018063,britishcolumbia_4,modern,no
Pacific44,clupea_pallasii,E-PACIFIC,Pacific_BC,NA,2012,-123.87263,49.35685,Han_2020,42.173536,britishcolumbia_5,modern,no
Pacific5,clupea_pallasii,E-PACIFIC,Pacific_BC,NA,2012,-123.8726,49.35685,Han_2020,43.835676,britishcolumbia_6,modern,no
PH1,clupea_pallasii,E-PACIFIC,Pacific_BC,spring,2014,-123.87275,49.35685,Lamichhaney_2017,0.192190,britishcolumbia_7,modern,no
PH2,clupea_pallasii,E-PACIFIC,Pacific_BC,spring,2014,-123.87275,49.35685,Lamichhaney_2017,0.207011,britishcolumbia_8,modern,no
PH3,clupea_pallasii,E-PACIFIC,Pacific_BC,spring,2014,-123.87275,49.35685,Lamichhaney_2017,0.084547,britishcolumbia_9,modern,no
PH4,clupea_pallasii,E-PACIFIC,Pacific_BC,spring,2014,-123.87275,49.35685,Lamichhaney_2017,0.155752,britishcolumbia_10,modern,no
PH5,clupea_pallasii,E-PACIFIC,Pacific_BC,spring,2014,-123.87275,49.35685,Lamichhaney_2017,0.161570,britishcolumbia_11,modern,no
PH6,clupea_pallasii,E-PACIFIC,Pacific_BC,spring,2014,-123.87275,49.35685,Lamichhaney_2017,0.212894,britishcolumbia_12,modern,no
Z12,clupea_harengus,NE-ATL,IsleofMan,autumn,2015,-4.616666666666670,54.1,Han_2020,10.462755,isleofman_1,modern,yes
Z14,clupea_harengus,NE-ATL,IsleofMan,autumn,2015,-4.616666666666670,54.1,Han_2020,11.615527,isleofman_2,modern,yes
Z4,clupea_harengus,NE-ATL,IsleofMan,autumn,2015,-4.616666666666670,54.1,Han_2020,16.106709,isleofman_3,modern,yes